K,F(Sg+ U Sg-)*,(Sg+ U Sg-)*,F(Sr+ U Sr-)*,(Sr+ U Sr-)*,F(Sg),Sg,F(Sr),Sr,F(Sgfull),Sgfull,F(Srfull),Srfull,F(Sg+ U Sg-)*/F(Sr+ U Sr-)*,F(Sg+ U Sg-)*/F(Sgfull),F(Sr+ U Sr-)*/F(Srfull),F(Sg)/F(Sr),F(Sg)/F(Sgfull),F(Sr)/F(Srfull),budgetGreedyTime,budgetRdmTime,r,n,m,dataset,graphid
1,11.0,{17},11.0,{17},11.0,{0},10.5,{3},11.0,{0},11,"{0, 3, 36, 38, 7, 9, 10, 17, 24}",1.0,1.0,1.0,1.0476190476190477,1.0,0.9545454545454546,0.006475925445556641,0.0009779930114746094,4.0,206,9,studentmath (30),0
2,11.0,{17},11.0,"{17, 36}",11.0,{0},11.0,"{0, 3}",11.0,{0},11,"{0, 3, 36, 38, 7, 9, 10, 17, 24}",1.0,1.0,1.0,1.0,1.0,1.0,0.01128697395324707,0.0005738735198974609,4.0,206,9,studentmath (30),0
3,11.0,{17},11.0,"{17, 10, 36}",11.0,{0},11.0,"{0, 9, 3}",11.0,{0},11,"{0, 3, 36, 38, 7, 9, 10, 17, 24}",1.0,1.0,1.0,1.0,1.0,1.0,0.013918876647949219,0.00061798095703125,4.0,206,9,studentmath (30),0
4,11.0,{17},11.0,"{17, 10, 3, 36}",11.0,{0},11.0,"{0, 9, 3, 36}",11.0,{0},11,"{0, 3, 36, 38, 7, 9, 10, 17, 24}",1.0,1.0,1.0,1.0,1.0,1.0,0.01024937629699707,0.0005347728729248047,4.0,206,9,studentmath (30),0
5,11.0,{17},11.0,"{17, 10, 3, 36}",11.0,{0},11.0,"{0, 3, 36, 9, 24}",11.0,{0},11,"{0, 3, 36, 38, 7, 9, 10, 17, 24}",1.0,1.0,1.0,1.0,1.0,1.0,0.008815288543701172,0.0004029273986816406,4.0,206,9,studentmath (30),0
1,18.0,{38},17.166666666666664,{35},18.0,{38},16.666666666666664,{8},19.0,"{0, 38}",19,"{0, 3, 35, 36, 37, 7, 8, 9, 10, 38, 12, 39, 17, 24, 26, 28}",1.0485436893203886,0.9473684210526315,0.9035087719298245,1.08,0.9473684210526315,0.8771929824561402,0.007930278778076172,0.0005960464477539062,4.5,206,16,studentmath (30),1
2,19.0,"{0, 38}",17.666666666666664,"{0, 9}",19.0,"{0, 38}",17.666666666666664,"{8, 0}",19.0,"{0, 38}",19,"{0, 3, 35, 36, 37, 7, 8, 9, 10, 38, 12, 39, 17, 24, 26, 28}",1.0754716981132078,1.0,0.9298245614035087,1.0754716981132078,1.0,0.9298245614035087,0.018887758255004883,0.0005841255187988281,4.5,206,16,studentmath (30),1
3,19.0,"{0, 38}",18.0,"{3, 10, 35}",19.0,"{0, 38}",17.666666666666664,"{8, 0, 35}",19.0,"{0, 38}",19,"{0, 3, 35, 36, 37, 7, 8, 9, 10, 38, 12, 39, 17, 24, 26, 28}",1.0555555555555556,1.0,0.9473684210526315,1.0754716981132078,1.0,0.9298245614035087,0.026395797729492188,0.0006041526794433594,4.5,206,16,studentmath (30),1
4,19.0,"{0, 38}",19.0,"{0, 9, 28, 38}",19.0,"{0, 38}",17.666666666666664,"{8, 0, 35, 9}",19.0,"{0, 38}",19,"{0, 3, 35, 36, 37, 7, 8, 9, 10, 38, 12, 39, 17, 24, 26, 28}",1.0,1.0,1.0,1.0754716981132078,1.0,0.9298245614035087,0.026397228240966797,0.0005860328674316406,4.5,206,16,studentmath (30),1
5,19.0,"{0, 38}",19.0,"{0, 35, 38, 9, 28}",19.0,"{0, 38}",17.666666666666664,"{0, 35, 39, 8, 9}",19.0,"{0, 38}",19,"{0, 3, 35, 36, 37, 7, 8, 9, 10, 38, 12, 39, 17, 24, 26, 28}",1.0,1.0,1.0,1.0754716981132078,1.0,0.9298245614035087,0.028123855590820312,0.0006210803985595703,4.5,206,16,studentmath (30),1
1,38.43333333333333,{38},36.75,{28},38.43333333333333,{38},34.65,{36},42.0,"{0, 2, 38, 10, 28}",42,"{0, 2, 3, 6, 7, 8, 9, 10, 11, 12, 13, 17, 24, 26, 28, 29, 31, 33, 34, 35, 36, 37, 38, 39}",1.0458049886621315,0.915079365079365,0.875,1.109187109187109,0.915079365079365,0.825,0.01767706871032715,0.0006659030914306641,5.0,206,24,studentmath (30),2
2,40.166666666666664,"{0, 38}",36.75,"{26, 28}",40.166666666666664,"{0, 38}",34.9,"{36, 6}",42.0,"{0, 2, 38, 10, 28}",42,"{0, 2, 3, 6, 7, 8, 9, 10, 11, 12, 13, 17, 24, 26, 28, 29, 31, 33, 34, 35, 36, 37, 38, 39}",1.09297052154195,0.9563492063492063,0.875,1.1509073543457498,0.9563492063492063,0.8309523809523809,0.0257110595703125,0.0006468296051025391,5.0,206,24,studentmath (30),2
3,41.166666666666664,"{0, 28, 38}",38.083333333333336,"{0, 33, 28}",41.166666666666664,"{0, 28, 38}",36.63333333333333,"{0, 36, 6}",42.0,"{0, 2, 38, 10, 28}",42,"{0, 2, 3, 6, 7, 8, 9, 10, 11, 12, 13, 17, 24, 26, 28, 29, 31, 33, 34, 35, 36, 37, 38, 39}",1.0809628008752734,0.9801587301587301,0.9067460317460319,1.1237488626023657,0.9801587301587301,0.8722222222222222,0.04539632797241211,0.0006518363952636719,5.0,206,24,studentmath (30),2
4,41.666666666666664,"{0, 10, 28, 38}",39.0,"{0, 33, 28, 7}",41.666666666666664,"{0, 10, 28, 38}",37.13333333333333,"{0, 36, 6, 39}",42.0,"{0, 2, 38, 10, 28}",42,"{0, 2, 3, 6, 7, 8, 9, 10, 11, 12, 13, 17, 24, 26, 28, 29, 31, 33, 34, 35, 36, 37, 38, 39}",1.0683760683760684,0.992063492063492,0.9285714285714286,1.1220825852782765,0.992063492063492,0.8841269841269841,0.05373811721801758,0.0005040168762207031,5.0,206,24,studentmath (30),2
5,42.0,"{17, 3, 35, 10, 11}",39.0,"{0, 33, 7, 26, 28}",42.0,"{0, 2, 38, 10, 28}",37.63333333333333,"{0, 36, 6, 39, 11}",42.0,"{0, 2, 38, 10, 28}",42,"{0, 2, 3, 6, 7, 8, 9, 10, 11, 12, 13, 17, 24, 26, 28, 29, 31, 33, 34, 35, 36, 37, 38, 39}",1.0769230769230769,1.0,0.9285714285714286,1.1160318866253323,1.0,0.8960317460317461,0.06073117256164551,0.000514984130859375,5.0,206,24,studentmath (30),2
1,66.71666666666667,{38},53.19119769119769,{8},66.71666666666667,{38},60.33762626262626,{7},75.0,"{1, 2, 38, 7, 39, 10, 17, 28}",75,"{0, 1, 2, 3, 4, 5, 6, 7, 8, 9, 10, 11, 12, 13, 14, 17, 18, 23, 24, 25, 26, 28, 29, 30, 31, 33, 34, 35, 36, 37, 38, 39}",1.2542802110603206,0.8895555555555555,0.7092159692159692,1.1057224289247793,0.8895555555555555,0.8045016835016835,0.020987987518310547,0.0008008480072021484,5.5,206,32,studentmath (30),3
2,69.0,"{2, 38}",57.876515151515136,"{8, 3}",69.0,"{2, 38}",61.00429292929292,"{1, 7}",75.0,"{1, 2, 38, 7, 39, 10, 17, 28}",75,"{0, 1, 2, 3, 4, 5, 6, 7, 8, 9, 10, 11, 12, 13, 14, 17, 18, 23, 24, 25, 26, 28, 29, 30, 31, 33, 34, 35, 36, 37, 38, 39}",1.192193410736024,0.92,0.7716868686868685,1.131067941070549,0.92,0.8133905723905723,0.043298959732055664,0.0010099411010742188,5.5,206,32,studentmath (30),3
3,70.83333333333333,"{2, 38, 39}",58.74873737373736,"{8, 3, 29}",70.83333333333333,"{2, 38, 39}",61.00429292929292,"{1, 23, 7}",75.0,"{1, 2, 38, 7, 39, 10, 17, 28}",75,"{0, 1, 2, 3, 4, 5, 6, 7, 8, 9, 10, 11, 12, 13, 14, 17, 18, 23, 24, 25, 26, 28, 29, 30, 31, 33, 34, 35, 36, 37, 38, 39}",1.2056996711728172,0.9444444444444444,0.7833164983164982,1.1611204709057568,0.9444444444444444,0.8133905723905723,0.06161308288574219,0.0008940696716308594,5.5,206,32,studentmath (30),3
4,72.45151515151514,"{17, 10, 3, 38}",62.45737595737594,"{8, 10, 3, 29}",72.16666666666666,"{17, 2, 38, 39}",63.29794372294372,"{1, 23, 17, 7}",75.0,"{1, 2, 38, 7, 39, 10, 17, 28}",75,"{0, 1, 2, 3, 4, 5, 6, 7, 8, 9, 10, 11, 12, 13, 14, 17, 18, 23, 24, 25, 26, 28, 29, 30, 31, 33, 34, 35, 36, 37, 38, 39}",1.1600153551273065,0.9660202020202019,0.8327650127650125,1.1401107590878703,0.9622222222222221,0.8439725829725829,0.09837913513183594,0.0007979869842529297,5.5,206,32,studentmath (30),3
5,72.99999999999999,"{2, 39, 38, 7, 28}",63.874042624042595,"{3, 37, 8, 10, 29}",73.16666666666667,"{2, 38, 7, 39, 17}",63.29794372294372,"{1, 7, 14, 17, 23}",75.0,"{1, 2, 38, 7, 39, 10, 17, 28}",75,"{0, 1, 2, 3, 4, 5, 6, 7, 8, 9, 10, 11, 12, 13, 14, 17, 18, 23, 24, 25, 26, 28, 29, 30, 31, 33, 34, 35, 36, 37, 38, 39}",1.1428742725690941,0.9733333333333332,0.8516539016539013,1.1559090605994806,0.9755555555555556,0.8439725829725829,0.1031491756439209,0.0007929801940917969,5.5,206,32,studentmath (30),3
1,98.16825396825398,{38},92.11300366300367,{6},98.16825396825398,{38},89.50992063492063,{7},118.0,"{0, 2, 38, 39, 6, 25, 28, 31}",118,"{0, 1, 2, 3, 4, 5, 6, 7, 8, 9, 10, 11, 12, 13, 14, 15, 17, 18, 19, 20, 21, 23, 24, 25, 26, 27, 28, 29, 30, 31, 32, 33, 34, 35, 36, 37, 38, 39}",1.0657371930612913,0.8319343556631693,0.7806186751102006,1.0967304324695766,0.8319343556631693,0.75855864944848,0.03787398338317871,0.0005288124084472656,6.0,206,38,studentmath (30),4
2,106.6702380952381,"{2, 38}",97.79761904761904,"{0, 6}",106.6702380952381,"{2, 38}",89.90992063492064,"{1, 7}",118.0,"{0, 2, 38, 39, 6, 25, 28, 31}",118,"{0, 1, 2, 3, 4, 5, 6, 7, 8, 9, 10, 11, 12, 13, 14, 15, 17, 18, 19, 20, 21, 23, 24, 25, 26, 27, 28, 29, 30, 31, 32, 33, 34, 35, 36, 37, 38, 39}",1.0907242848447962,0.9039850686037127,0.8287933817594834,1.1864123262701205,0.9039850686037127,0.7619484799569546,0.07065987586975098,0.001032114028930664,6.0,206,38,studentmath (30),4
3,109.76190476190477,"{2, 38, 6}",98.89761904761903,"{0, 27, 6}",109.76190476190477,"{2, 38, 6}",90.74325396825397,"{1, 18, 7}",118.0,"{0, 2, 38, 39, 6, 25, 28, 31}",118,"{0, 1, 2, 3, 4, 5, 6, 7, 8, 9, 10, 11, 12, 13, 14, 15, 17, 18, 19, 20, 21, 23, 24, 25, 26, 27, 28, 29, 30, 31, 32, 33, 34, 35, 36, 37, 38, 39}",1.1098538652285916,0.9301856335754641,0.8381154156577884,1.2095874895593273,0.9301856335754641,0.7690106268496099,0.1162269115447998,0.0005419254302978516,6.0,206,38,studentmath (30),4
4,112.5,"{25, 2, 38, 6}",104.1452380952381,"{0, 27, 6, 7}",112.5,"{25, 2, 38, 6}",90.74325396825397,"{1, 18, 15, 7}",118.0,"{0, 2, 38, 39, 6, 25, 28, 31}",118,"{0, 1, 2, 3, 4, 5, 6, 7, 8, 9, 10, 11, 12, 13, 14, 15, 17, 18, 19, 20, 21, 23, 24, 25, 26, 27, 28, 29, 30, 31, 32, 33, 34, 35, 36, 37, 38, 39}",1.0802222171418119,0.9533898305084746,0.8825867635189669,1.2397615809474665,0.9533898305084746,0.7690106268496099,0.12726283073425293,0.0010650157928466797,6.0,206,38,studentmath (30),4
5,115.16666666666666,"{2, 38, 39, 6, 25}",106.06190476190476,"{0, 7, 6, 39, 27}",115.16666666666666,"{2, 38, 39, 6, 25}",90.95992063492064,"{1, 7, 14, 15, 18}",118.0,"{0, 2, 38, 39, 6, 25, 28, 31}",118,"{0, 1, 2, 3, 4, 5, 6, 7, 8, 9, 10, 11, 12, 13, 14, 15, 17, 18, 19, 20, 21, 23, 24, 25, 26, 27, 28, 29, 30, 31, 32, 33, 34, 35, 36, 37, 38, 39}",1.085843846810039,0.9759887005649717,0.8988297013720742,1.266125408452179,0.9759887005649717,0.7708467850417003,0.28093886375427246,0.0012240409851074219,6.0,206,38,studentmath (30),4
1,125.04367299367298,{38},119.31347402597405,{6},125.04367299367298,{38},112.6169178044178,{7},151.0,"{0, 1, 2, 34, 38, 6, 21, 27, 28}",151,"{0, 1, 2, 3, 4, 5, 6, 7, 8, 9, 10, 11, 12, 13, 14, 15, 17, 18, 19, 20, 21, 22, 23, 24, 25, 26, 27, 28, 29, 30, 31, 32, 33, 34, 35, 36, 37, 38, 39}",1.0480264196016245,0.828103794660086,0.7901554571256559,1.110345367565793,0.828103794660086,0.7458074026782635,0.060649871826171875,0.0013833045959472656,6.5,206,39,studentmath (30),5
2,135.79871794871795,"{2, 38}",126.6974386724387,"{0, 6}",135.79871794871795,"{2, 38}",113.88358447108446,"{1, 7}",151.0,"{0, 1, 2, 34, 38, 6, 21, 27, 28}",151,"{0, 1, 2, 3, 4, 5, 6, 7, 8, 9, 10, 11, 12, 13, 14, 15, 17, 18, 19, 20, 21, 22, 23, 24, 25, 26, 27, 28, 29, 30, 31, 32, 33, 34, 35, 36, 37, 38, 39}",1.0718347535012887,0.8993292579385295,0.8390558852479384,1.1924345249529604,0.8993292579385295,0.754195923649566,0.10156512260437012,0.0014400482177734375,6.5,206,39,studentmath (30),5
3,141.09999999999997,"{0, 2, 38}",128.59743867243873,"{0, 27, 6}",141.09999999999997,"{0, 2, 38}",116.4216797091797,"{1, 18, 7}",151.0,"{0, 1, 2, 34, 38, 6, 21, 27, 28}",151,"{0, 1, 2, 3, 4, 5, 6, 7, 8, 9, 10, 11, 12, 13, 14, 15, 17, 18, 19, 20, 21, 22, 23, 24, 25, 26, 27, 28, 29, 30, 31, 32, 33, 34, 35, 36, 37, 38, 39}",1.0972224754756397,0.934437086092715,0.8516386667048922,1.211973580457407,0.934437086092715,0.771004501385296,0.15769600868225098,0.0009019374847412109,6.5,206,39,studentmath (30),5
4,144.51666666666665,"{0, 2, 28, 38}",135.25357142857146,"{0, 27, 6, 7}",144.51666666666665,"{0, 2, 28, 38}",116.4216797091797,"{1, 18, 15, 7}",151.0,"{0, 1, 2, 34, 38, 6, 21, 27, 28}",151,"{0, 1, 2, 3, 4, 5, 6, 7, 8, 9, 10, 11, 12, 13, 14, 15, 17, 18, 19, 20, 21, 22, 23, 24, 25, 26, 27, 28, 29, 30, 31, 32, 33, 34, 35, 36, 37, 38, 39}",1.0684868809027133,0.957064017660044,0.8957190160832547,1.2413209208771767,0.957064017660044,0.771004501385296,0.2541823387145996,0.0014009475708007812,6.5,206,39,studentmath (30),5
5,147.16666666666663,"{0, 2, 38, 27, 28}",136.58690476190478,"{0, 7, 6, 39, 27}",147.16666666666663,"{0, 2, 38, 27, 28}",116.55223526473526,"{1, 7, 14, 15, 18}",151.0,"{0, 1, 2, 34, 38, 6, 21, 27, 28}",151,"{0, 1, 2, 3, 4, 5, 6, 7, 8, 9, 10, 11, 12, 13, 14, 15, 17, 18, 19, 20, 21, 22, 23, 24, 25, 26, 27, 28, 29, 30, 31, 32, 33, 34, 35, 36, 37, 38, 39}",1.0774580983675137,0.9746136865342161,0.9045490381583098,1.262667046516904,0.9746136865342161,0.7718691077134785,0.34502387046813965,0.0014040470123291016,6.5,206,39,studentmath (30),5
1,151.4931748806749,{38},144.19353587588884,{6},151.4931748806749,{38},142.19634383933922,{7},174.0,"{0, 2, 38, 6, 9, 18, 21, 24, 27, 28}",174,"{0, 1, 2, 3, 4, 5, 6, 7, 8, 9, 10, 11, 12, 13, 14, 15, 17, 18, 19, 20, 21, 22, 23, 24, 25, 26, 27, 28, 29, 30, 31, 32, 33, 34, 35, 36, 37, 38, 39}",1.0506238990565364,0.8706504303487064,0.8286984820453381,1.0653802396764838,0.8706504303487064,0.8172203668927541,0.17396903038024902,0.008466958999633789,7.0,206,39,studentmath (30),6
2,161.99740259740264,"{2, 38}",155.7431651681652,"{0, 6}",161.99740259740264,"{2, 38}",145.01197265496805,"{1, 7}",174.0,"{0, 2, 38, 6, 9, 18, 21, 24, 27, 28}",174,"{0, 1, 2, 3, 4, 5, 6, 7, 8, 9, 10, 11, 12, 13, 14, 15, 17, 18, 19, 20, 21, 22, 23, 24, 25, 26, 27, 28, 29, 30, 31, 32, 33, 34, 35, 36, 37, 38, 39}",1.0401573797635637,0.9310195551574865,0.895075661886007,1.1171312246254907,0.9310195551574865,0.8334021416952186,0.1699378490447998,0.0018849372863769531,7.0,206,39,studentmath (30),6
3,167.2069264069264,"{0, 2, 38}",157.9098318348319,"{0, 27, 6}",167.2069264069264,"{0, 2, 38}",149.4117007046961,"{1, 18, 7}",174.0,"{0, 2, 38, 6, 9, 18, 21, 24, 27, 28}",174,"{0, 1, 2, 3, 4, 5, 6, 7, 8, 9, 10, 11, 12, 13, 14, 15, 17, 18, 19, 20, 21, 22, 23, 24, 25, 26, 27, 28, 29, 30, 31, 32, 33, 34, 35, 36, 37, 38, 39}",1.0588759703184216,0.9609593471662438,0.9075277691657005,1.119101955324112,0.9609593471662438,0.8586879350844604,0.27024221420288086,0.012629032135009766,7.0,206,39,studentmath (30),6
4,169.0857142857143,"{0, 2, 38, 6}",162.6925518925519,"{0, 27, 6, 7}",169.0857142857143,"{0, 2, 38, 6}",149.43551022850562,"{1, 18, 15, 7}",174.0,"{0, 2, 38, 6, 9, 18, 21, 24, 27, 28}",174,"{0, 1, 2, 3, 4, 5, 6, 7, 8, 9, 10, 11, 12, 13, 14, 15, 17, 18, 19, 20, 21, 22, 23, 24, 25, 26, 27, 28, 29, 30, 31, 32, 33, 34, 35, 36, 37, 38, 39}",1.0392959746392365,0.9717569786535304,0.9350146660491488,1.131496215505679,0.9717569786535304,0.8588247714281932,0.25624799728393555,0.0019958019256591797,7.0,206,39,studentmath (30),6
5,170.3,"{0, 2, 38, 6, 9}",164.1925518925519,"{0, 7, 6, 39, 27}",170.3,"{0, 2, 38, 6, 9}",149.6073051003005,"{1, 7, 14, 15, 18}",174.0,"{0, 2, 38, 6, 9, 18, 21, 24, 27, 28}",174,"{0, 1, 2, 3, 4, 5, 6, 7, 8, 9, 10, 11, 12, 13, 14, 15, 17, 18, 19, 20, 21, 22, 23, 24, 25, 26, 27, 28, 29, 30, 31, 32, 33, 34, 35, 36, 37, 38, 39}",1.0371968645170022,0.9787356321839081,0.9436353557043213,1.1383133991072603,0.9787356321839081,0.8598120982775891,0.34319400787353516,0.0016939640045166016,7.0,206,39,studentmath (30),6
1,171.6685892538833,{2},165.7533055695594,{6},171.6685892538833,{2},162.0651484007908,{7},191.0,"{0, 2, 38, 9, 18, 24, 25, 27}",191,"{0, 1, 2, 3, 4, 5, 6, 7, 8, 9, 10, 11, 12, 13, 14, 15, 17, 18, 19, 20, 21, 22, 23, 24, 25, 26, 27, 28, 29, 30, 31, 32, 33, 34, 35, 36, 37, 38, 39}",1.035687274314065,0.8987884254130016,0.8678183537673266,1.0592566689868632,0.8987884254130016,0.8485086303706325,0.10615181922912598,0.0026438236236572266,7.5,206,39,studentmath (30),7
2,181.20476190476188,"{2, 38}",176.62612621296827,"{0, 6}",181.20476190476188,"{2, 38}",165.87367934353227,"{1, 7}",191.0,"{0, 2, 38, 9, 18, 24, 25, 27}",191,"{0, 1, 2, 3, 4, 5, 6, 7, 8, 9, 10, 11, 12, 13, 14, 15, 17, 18, 19, 20, 21, 22, 23, 24, 25, 26, 27, 28, 29, 30, 31, 32, 33, 34, 35, 36, 37, 38, 39}",1.0259227544076515,0.9487160309149837,0.9247441162982633,1.0924262524464667,0.9487160309149837,0.8684485829504307,0.17295408248901367,0.0025479793548583984,7.5,206,39,studentmath (30),7
3,185.5984126984127,"{9, 2, 38}",181.19315918000123,"{0, 27, 6}",185.5984126984127,"{9, 2, 38}",168.26154115492346,"{1, 18, 7}",191.0,"{0, 2, 38, 9, 18, 24, 25, 27}",191,"{0, 1, 2, 3, 4, 5, 6, 7, 8, 9, 10, 11, 12, 13, 14, 15, 17, 18, 19, 20, 21, 22, 23, 24, 25, 26, 27, 28, 29, 30, 31, 32, 33, 34, 35, 36, 37, 38, 39}",1.0243124714991871,0.9717194382115848,0.9486552836649279,1.1030352594210857,0.9717194382115848,0.8809504772509081,0.25073719024658203,0.0025649070739746094,7.5,206,39,studentmath (30),7
4,187.20555555555558,"{0, 9, 2, 38}",183.3412698412698,"{0, 27, 6, 7}",187.20555555555558,"{0, 9, 2, 38}",168.73758178096412,"{1, 18, 15, 7}",191.0,"{0, 2, 38, 9, 18, 24, 25, 27}",191,"{0, 1, 2, 3, 4, 5, 6, 7, 8, 9, 10, 11, 12, 13, 14, 15, 17, 18, 19, 20, 21, 22, 23, 24, 25, 26, 27, 28, 29, 30, 31, 32, 33, 34, 35, 36, 37, 38, 39}",1.0210770096532622,0.9801337987201862,0.9599019363417267,1.1094478988004253,0.9801337987201862,0.8834428365495504,0.34917402267456055,0.0013718605041503906,7.5,206,39,studentmath (30),7
5,188.80555555555554,"{0, 2, 38, 9, 27}",183.36904761904756,"{0, 36, 6, 7, 27}",188.80555555555554,"{0, 2, 38, 9, 27}",169.54741084079322,"{1, 7, 14, 15, 18}",191.0,"{0, 2, 38, 9, 18, 24, 25, 27}",191,"{0, 1, 2, 3, 4, 5, 6, 7, 8, 9, 10, 11, 12, 13, 14, 15, 17, 18, 19, 20, 21, 22, 23, 24, 25, 26, 27, 28, 29, 30, 31, 32, 33, 34, 35, 36, 37, 38, 39}",1.0296479040879485,0.9885107620709714,0.9600473697332333,1.1135856019225556,0.9885107620709714,0.8876827792711687,0.4081909656524658,0.0031423568725585938,7.5,206,39,studentmath (30),7
1,186.4421409278641,{2},182.0482094728457,{6},186.4421409278641,{2},174.05268589855925,{7},197.0,"{2, 6, 9, 24, 28}",197,"{0, 1, 2, 3, 4, 5, 6, 7, 8, 9, 10, 11, 12, 13, 14, 15, 17, 18, 19, 20, 21, 22, 23, 24, 25, 26, 27, 28, 29, 30, 31, 32, 33, 34, 35, 36, 37, 38, 39}",1.0241360871812024,0.9464068067404269,0.9241025861565773,1.0711822110951257,0.9464068067404269,0.8835161720739048,0.11028194427490234,0.002951383590698242,8.0,206,39,studentmath (30),8
2,191.67117604617604,"{2, 28}",186.9065249808671,"{0, 6}",191.67117604617604,"{2, 28}",179.0149483487527,"{1, 7}",197.0,"{2, 6, 9, 24, 28}",197,"{0, 1, 2, 3, 4, 5, 6, 7, 8, 9, 10, 11, 12, 13, 14, 15, 17, 18, 19, 20, 21, 22, 23, 24, 25, 26, 27, 28, 29, 30, 31, 32, 33, 34, 35, 36, 37, 38, 39}",1.0254921601361788,0.9729501322140915,0.9487640861972949,1.0706992785472125,0.9729501322140915,0.9087053215672727,0.2187051773071289,0.0025506019592285156,8.0,206,39,studentmath (30),8
3,194.14141414141415,"{24, 2, 28}",188.8286741036741,"{0, 27, 6}",194.14141414141415,"{24, 2, 28}",183.81582029082028,"{1, 18, 7}",197.0,"{2, 6, 9, 24, 28}",197,"{0, 1, 2, 3, 4, 5, 6, 7, 8, 9, 10, 11, 12, 13, 14, 15, 17, 18, 19, 20, 21, 22, 23, 24, 25, 26, 27, 28, 29, 30, 31, 32, 33, 34, 35, 36, 37, 38, 39}",1.0281352398567558,0.985489411885351,0.9585211883435234,1.0561735863336326,0.985489411885351,0.933075229902641,0.331143856048584,0.003515005111694336,8.0,206,39,studentmath (30),8
4,195.8080808080808,"{24, 9, 2, 28}",190.49213564213565,"{0, 27, 6, 7}",195.8080808080808,"{24, 9, 2, 28}",184.1939759071338,"{1, 18, 15, 7}",197.0,"{2, 6, 9, 24, 28}",197,"{0, 1, 2, 3, 4, 5, 6, 7, 8, 9, 10, 11, 12, 13, 14, 15, 17, 18, 19, 20, 21, 22, 23, 24, 25, 26, 27, 28, 29, 30, 31, 32, 33, 34, 35, 36, 37, 38, 39}",1.0279063760192801,0.9939496487719838,0.9669651555438358,1.0630536630948375,0.9939496487719838,0.9349948015590548,0.4086439609527588,0.0029039382934570312,8.0,206,39,studentmath (30),8
5,197.0,"{2, 6, 24, 9, 28}",190.49213564213565,"{0, 36, 6, 7, 27}",197.0,"{2, 6, 9, 24, 28}",184.40496818283194,"{1, 7, 14, 15, 18}",197.0,"{2, 6, 9, 24, 28}",197,"{0, 1, 2, 3, 4, 5, 6, 7, 8, 9, 10, 11, 12, 13, 14, 15, 17, 18, 19, 20, 21, 22, 23, 24, 25, 26, 27, 28, 29, 30, 31, 32, 33, 34, 35, 36, 37, 38, 39}",1.0341634279857632,1.0,0.9669651555438358,1.0683009353884678,1.0,0.9360658283392485,0.5434443950653076,0.0029268264770507812,8.0,206,39,studentmath (30),8
1,197.35777777777776,{2},193.45071352915343,{6},197.35777777777776,{2},188.17911529461622,{7},203.0,"{24, 2, 28, 7}",203,"{0, 1, 2, 3, 4, 5, 6, 7, 8, 9, 10, 11, 12, 13, 14, 15, 17, 18, 19, 20, 21, 22, 23, 24, 25, 26, 27, 28, 29, 30, 31, 32, 33, 34, 35, 36, 37, 38, 39}",1.0201966908125957,0.9722058018609742,0.9529591799465686,1.0487762016990636,0.9722058018609742,0.9269907157370257,0.12572216987609863,0.002299785614013672,8.5,206,39,studentmath (30),9
2,200.18333333333334,"{2, 28}",197.0739475500345,"{0, 6}",200.18333333333334,"{2, 28}",192.7086405529954,"{1, 7}",203.0,"{24, 2, 28, 7}",203,"{0, 1, 2, 3, 4, 5, 6, 7, 8, 9, 10, 11, 12, 13, 14, 15, 17, 18, 19, 20, 21, 22, 23, 24, 25, 26, 27, 28, 29, 30, 31, 32, 33, 34, 35, 36, 37, 38, 39}",1.0157777617079975,0.9861247947454844,0.9708076233991847,1.0387875331323422,0.9861247947454844,0.9493036480443123,0.33902907371520996,0.0038290023803710938,8.5,206,39,studentmath (30),9
3,202.2,"{24, 2, 28}",197.50873015873017,"{0, 27, 6}",202.2,"{24, 2, 28}",195.29249084249082,"{1, 18, 7}",203.0,"{24, 2, 28, 7}",203,"{0, 1, 2, 3, 4, 5, 6, 7, 8, 9, 10, 11, 12, 13, 14, 15, 17, 18, 19, 20, 21, 22, 23, 24, 25, 26, 27, 28, 29, 30, 31, 32, 33, 34, 35, 36, 37, 38, 39}",1.023752215091959,0.9960591133004926,0.9729494096489171,1.035370070440037,0.9960591133004926,0.9620319745935508,0.4013197422027588,0.0019173622131347656,8.5,206,39,studentmath (30),9
4,203.0,"{24, 2, 28, 7}",198.30873015873016,"{0, 27, 6, 7}",203.0,"{24, 2, 28, 7}",195.59634230503795,"{1, 18, 15, 7}",203.0,"{24, 2, 28, 7}",203,"{0, 1, 2, 3, 4, 5, 6, 7, 8, 9, 10, 11, 12, 13, 14, 15, 17, 18, 19, 20, 21, 22, 23, 24, 25, 26, 27, 28, 29, 30, 31, 32, 33, 34, 35, 36, 37, 38, 39}",1.0236563959514786,1.0,0.9768902963484244,1.0378517185327312,1.0,0.9635287798277732,0.518002986907959,0.0019381046295166016,8.5,206,39,studentmath (30),9
5,203.0,"{24, 2, 28, 7}",198.38015873015874,"{0, 36, 6, 7, 27}",203.0,"{24, 2, 28, 7}",195.70348516218084,"{1, 7, 14, 15, 18}",203.0,"{24, 2, 28, 7}",203,"{0, 1, 2, 3, 4, 5, 6, 7, 8, 9, 10, 11, 12, 13, 14, 15, 17, 18, 19, 20, 21, 22, 23, 24, 25, 26, 27, 28, 29, 30, 31, 32, 33, 34, 35, 36, 37, 38, 39}",1.0232878192023491,1.0,0.9772421612323091,1.037283520177336,1.0,0.9640565771536002,0.6095490455627441,0.0037860870361328125,8.5,206,39,studentmath (30),9
1,201.56729055258467,{2},197.95024142524142,{6},201.56729055258467,{2},196.47749666568126,{7},204.0,"{24, 2, 28, 6}",204,"{0, 1, 2, 3, 4, 5, 6, 7, 8, 9, 10, 11, 12, 13, 14, 15, 17, 18, 19, 20, 21, 22, 23, 24, 25, 26, 27, 28, 29, 30, 31, 32, 33, 34, 35, 36, 37, 38, 39}",1.0182725168774764,0.9880749536891406,0.9703443207119677,1.0259052256532157,0.9880749536891406,0.9631249836553003,0.13001394271850586,0.004264116287231445,9.0,206,39,studentmath (30),10
2,202.77941176470588,"{2, 28}",200.5642857142857,"{0, 6}",202.77941176470588,"{2, 28}",198.8357623857624,"{1, 7}",204.0,"{24, 2, 28, 6}",204,"{0, 1, 2, 3, 4, 5, 6, 7, 8, 9, 10, 11, 12, 13, 14, 15, 17, 18, 19, 20, 21, 22, 23, 24, 25, 26, 27, 28, 29, 30, 31, 32, 33, 34, 35, 36, 37, 38, 39}",1.0110444690715064,0.9940167243367936,0.983158263305322,1.019833702607745,0.9940167243367936,0.9746851097341294,0.273151159286499,0.0021009445190429688,9.0,206,39,studentmath (30),10
3,203.52941176470588,"{24, 2, 28}",200.5642857142857,"{0, 36, 6}",203.52941176470588,"{24, 2, 28}",199.3595719095719,"{1, 18, 7}",204.0,"{24, 2, 28, 6}",204,"{0, 1, 2, 3, 4, 5, 6, 7, 8, 9, 10, 11, 12, 13, 14, 15, 17, 18, 19, 20, 21, 22, 23, 24, 25, 26, 27, 28, 29, 30, 31, 32, 33, 34, 35, 36, 37, 38, 39}",1.014783918482098,0.9976931949250288,0.983158263305322,1.0209161758083298,0.9976931949250288,0.9772528034782937,0.40860962867736816,0.0036420822143554688,9.0,206,39,studentmath (30),10
4,204.0,"{24, 2, 28, 6}",201.23095238095237,"{0, 27, 6, 7}",204.0,"{24, 2, 28, 6}",199.5728937728938,"{1, 18, 15, 7}",204.0,"{24, 2, 28, 6}",204,"{0, 1, 2, 3, 4, 5, 6, 7, 8, 9, 10, 11, 12, 13, 14, 15, 17, 18, 19, 20, 21, 22, 23, 24, 25, 26, 27, 28, 29, 30, 31, 32, 33, 34, 35, 36, 37, 38, 39}",1.0137605452157554,1.0,0.9864262371615312,1.0221829034164533,1.0,0.9782984988867343,0.5934419631958008,0.004767179489135742,9.0,206,39,studentmath (30),10
5,204.0,"{24, 2, 28, 6}",201.23095238095237,"{0, 36, 6, 7, 27}",204.0,"{24, 2, 28, 6}",199.6451282051282,"{1, 7, 14, 15, 18}",204.0,"{24, 2, 28, 6}",204,"{0, 1, 2, 3, 4, 5, 6, 7, 8, 9, 10, 11, 12, 13, 14, 15, 17, 18, 19, 20, 21, 22, 23, 24, 25, 26, 27, 28, 29, 30, 31, 32, 33, 34, 35, 36, 37, 38, 39}",1.0137605452157554,1.0,0.9864262371615312,1.0218130631787685,1.0,0.9786525892408245,0.6281309127807617,0.0042819976806640625,9.0,206,39,studentmath (30),10
1,203.59561128526644,{2},203.0818181818182,{6},203.59561128526644,{2},200.10348484848484,{7},205.0,"{24, 2}",205,"{0, 1, 2, 3, 4, 5, 6, 7, 8, 9, 10, 11, 12, 13, 14, 15, 17, 18, 19, 20, 21, 22, 23, 24, 25, 26, 27, 28, 29, 30, 31, 32, 33, 34, 35, 36, 37, 38, 39}",1.0025299808128971,0.9931493233427632,0.9906430155210644,1.0174516023018079,0.9931493233427632,0.9761145602365114,0.16160917282104492,0.004532814025878906,9.5,206,39,studentmath (30),11
2,205.0,"{24, 2}",203.0818181818182,"{36, 6}",205.0,"{24, 2}",201.22348484848487,"{1, 7}",205.0,"{24, 2}",205,"{0, 1, 2, 3, 4, 5, 6, 7, 8, 9, 10, 11, 12, 13, 14, 15, 17, 18, 19, 20, 21, 22, 23, 24, 25, 26, 27, 28, 29, 30, 31, 32, 33, 34, 35, 36, 37, 38, 39}",1.0094453646089798,1.0,0.9906430155210644,1.0187677653746963,1.0,0.9815779748706579,0.30386996269226074,0.004538059234619141,9.5,206,39,studentmath (30),11
3,205.0,"{24, 2}",203.9,"{0, 27, 6}",205.0,"{24, 2}",201.82348484848484,"{1, 18, 7}",205.0,"{24, 2}",205,"{0, 1, 2, 3, 4, 5, 6, 7, 8, 9, 10, 11, 12, 13, 14, 15, 17, 18, 19, 20, 21, 22, 23, 24, 25, 26, 27, 28, 29, 30, 31, 32, 33, 34, 35, 36, 37, 38, 39}",1.0053948013732221,1.0,0.9946341463414634,1.015739075925182,1.0,0.9845048041389505,0.4328010082244873,0.0029528141021728516,9.5,206,39,studentmath (30),11
4,205.0,"{24, 2}",203.9,"{0, 27, 36, 6}",205.0,"{24, 2}",201.94844720496894,"{1, 18, 15, 7}",205.0,"{24, 2}",205,"{0, 1, 2, 3, 4, 5, 6, 7, 8, 9, 10, 11, 12, 13, 14, 15, 17, 18, 19, 20, 21, 22, 23, 24, 25, 26, 27, 28, 29, 30, 31, 32, 33, 34, 35, 36, 37, 38, 39}",1.0053948013732221,1.0,0.9946341463414634,1.015110553397491,1.0,0.9851143766096045,0.40006399154663086,0.003573894500732422,9.5,206,39,studentmath (30),11
5,205.0,"{24, 2}",203.9,"{0, 36, 6, 8, 27}",205.0,"{24, 2}",201.96623376623376,"{1, 7, 14, 15, 18}",205.0,"{24, 2}",205,"{0, 1, 2, 3, 4, 5, 6, 7, 8, 9, 10, 11, 12, 13, 14, 15, 17, 18, 19, 20, 21, 22, 23, 24, 25, 26, 27, 28, 29, 30, 31, 32, 33, 34, 35, 36, 37, 38, 39}",1.0053948013732221,1.0,0.9946341463414634,1.0150211556515814,1.0,0.9852011403230915,0.4198720455169678,0.004425048828125,9.5,206,39,studentmath (30),11
1,205.0,{2},205.0,{6},205.0,{2},200.93094904160822,{7},205.0,{2},205,"{0, 1, 2, 3, 4, 5, 6, 7, 8, 9, 10, 11, 12, 13, 14, 15, 16, 17, 18, 19, 20, 21, 22, 23, 24, 25, 26, 27, 28, 29, 30, 31, 32, 33, 34, 35, 36, 37, 38, 39}",1.0,1.0,1.0,1.0202509915859164,1.0,0.9801509709346742,0.1754310131072998,0.004620075225830078,10.0,206,40,studentmath (30),12
2,205.0,{2},205.0,"{35, 6}",205.0,{2},203.152688172043,"{1, 7}",205.0,{2},205,"{0, 1, 2, 3, 4, 5, 6, 7, 8, 9, 10, 11, 12, 13, 14, 15, 16, 17, 18, 19, 20, 21, 22, 23, 24, 25, 26, 27, 28, 29, 30, 31, 32, 33, 34, 35, 36, 37, 38, 39}",1.0,1.0,1.0,1.009093218724197,1.0,0.9909887227904537,0.2891378402709961,0.0041961669921875,10.0,206,40,studentmath (30),12
3,205.0,{2},205.0,"{8, 35, 6}",205.0,{2},203.21802232854867,"{1, 17, 7}",205.0,{2},205,"{0, 1, 2, 3, 4, 5, 6, 7, 8, 9, 10, 11, 12, 13, 14, 15, 16, 17, 18, 19, 20, 21, 22, 23, 24, 25, 26, 27, 28, 29, 30, 31, 32, 33, 34, 35, 36, 37, 38, 39}",1.0,1.0,1.0,1.008768797427673,1.0,0.9913074259929203,0.3104209899902344,0.004733085632324219,10.0,206,40,studentmath (30),12
4,205.0,{2},205.0,"{8, 35, 3, 6}",205.0,{2},203.29272030651344,"{1, 15, 17, 7}",205.0,{2},205,"{0, 1, 2, 3, 4, 5, 6, 7, 8, 9, 10, 11, 12, 13, 14, 15, 16, 17, 18, 19, 20, 21, 22, 23, 24, 25, 26, 27, 28, 29, 30, 31, 32, 33, 34, 35, 36, 37, 38, 39}",1.0,1.0,1.0,1.0083981349204851,1.0,0.9916718063732363,0.31012701988220215,0.004096031188964844,10.0,206,40,studentmath (30),12
5,205.0,{2},205.0,"{3, 35, 6, 8, 15}",205.0,{2},203.33487394957984,"{1, 7, 14, 15, 17}",205.0,{2},205,"{0, 1, 2, 3, 4, 5, 6, 7, 8, 9, 10, 11, 12, 13, 14, 15, 16, 17, 18, 19, 20, 21, 22, 23, 24, 25, 26, 27, 28, 29, 30, 31, 32, 33, 34, 35, 36, 37, 38, 39}",1.0,1.0,1.0,1.0081890824632131,1.0,0.9918774339003895,0.31114792823791504,0.004833698272705078,10.0,206,40,studentmath (30),12
