K,F(Sg+ U Sg-)*,(Sg+ U Sg-)*,F(Sr+ U Sr-)*,(Sr+ U Sr-)*,F(Sg),Sg,F(Sr),Sr,F(Sgfull),Sgfull,F(Srfull),Srfull,F(Sg+ U Sg-)*/F(Sr+ U Sr-)*,F(Sg+ U Sg-)*/F(Sgfull),F(Sr+ U Sr-)*/F(Srfull),F(Sg)/F(Sr),F(Sg)/F(Sgfull),F(Sr)/F(Srfull),budgetGreedyTime,budgetRdmTime,kmax,n,m,dataset,graphid
1,106.0,set(),106.0,{8},106.0,set(),106.0,{7},106.0,set(),106,"{0, 1, 2, 3, 4, 5, 6, 7, 8, 9, 10, 11, 12, 13, 14, 15, 17, 19, 21, 23, 24, 25, 26, 27, 28, 30, 31, 32, 33, 34, 35, 36, 37, 38, 39}",1.0,1.0,1.0,1.0,1.0,1.0,0.01450490951538086,0.00038623809814453125,1,206,35,studentmath (30),0
2,106.0,set(),106.0,"{8, 3}",106.0,set(),106.0,"{1, 7}",106.0,set(),106,"{0, 1, 2, 3, 4, 5, 6, 7, 8, 9, 10, 11, 12, 13, 14, 15, 17, 19, 21, 23, 24, 25, 26, 27, 28, 30, 31, 32, 33, 34, 35, 36, 37, 38, 39}",1.0,1.0,1.0,1.0,1.0,1.0,0.014143943786621094,0.00074005126953125,1,206,35,studentmath (30),0
3,106.0,set(),106.0,"{8, 3, 15}",106.0,set(),106.0,"{1, 19, 7}",106.0,set(),106,"{0, 1, 2, 3, 4, 5, 6, 7, 8, 9, 10, 11, 12, 13, 14, 15, 17, 19, 21, 23, 24, 25, 26, 27, 28, 30, 31, 32, 33, 34, 35, 36, 37, 38, 39}",1.0,1.0,1.0,1.0,1.0,1.0,0.012386083602905273,0.0005009174346923828,1,206,35,studentmath (30),0
4,106.0,set(),106.0,"{8, 3, 14, 15}",106.0,set(),106.0,"{1, 19, 15, 7}",106.0,set(),106,"{0, 1, 2, 3, 4, 5, 6, 7, 8, 9, 10, 11, 12, 13, 14, 15, 17, 19, 21, 23, 24, 25, 26, 27, 28, 30, 31, 32, 33, 34, 35, 36, 37, 38, 39}",1.0,1.0,1.0,1.0,1.0,1.0,0.013438940048217773,0.0004019737243652344,1,206,35,studentmath (30),0
5,106.0,set(),106.0,"{3, 37, 8, 14, 15}",106.0,set(),106.0,"{1, 7, 14, 15, 19}",106.0,set(),106,"{0, 1, 2, 3, 4, 5, 6, 7, 8, 9, 10, 11, 12, 13, 14, 15, 17, 19, 21, 23, 24, 25, 26, 27, 28, 30, 31, 32, 33, 34, 35, 36, 37, 38, 39}",1.0,1.0,1.0,1.0,1.0,1.0,0.015759944915771484,0.0004019737243652344,1,206,35,studentmath (30),0
1,117.5,{38},111.5,{37},117.5,{38},107.5,{7},154.0,"{0, 33, 2, 1, 4, 37, 38, 6, 39, 9, 10, 11, 3, 18, 25, 27, 28}",154,"{0, 1, 2, 3, 4, 5, 6, 7, 8, 9, 10, 11, 12, 13, 14, 15, 17, 18, 19, 21, 22, 23, 24, 25, 26, 27, 28, 29, 30, 31, 32, 33, 34, 35, 36, 37, 38, 39}",1.053811659192825,0.762987012987013,0.724025974025974,1.0930232558139534,0.762987012987013,0.698051948051948,0.018592119216918945,0.00044417381286621094,2,206,38,studentmath (30),1
2,125.5,"{2, 38}",115.5,"{37, 6}",125.5,"{2, 38}",109.0,"{1, 7}",154.0,"{0, 33, 2, 1, 4, 37, 38, 6, 39, 9, 10, 11, 3, 18, 25, 27, 28}",154,"{0, 1, 2, 3, 4, 5, 6, 7, 8, 9, 10, 11, 12, 13, 14, 15, 17, 18, 19, 21, 22, 23, 24, 25, 26, 27, 28, 29, 30, 31, 32, 33, 34, 35, 36, 37, 38, 39}",1.0865800865800865,0.814935064935065,0.75,1.151376146788991,0.814935064935065,0.7077922077922078,0.033628225326538086,0.00048804283142089844,2,206,38,studentmath (30),1
3,130.0,"{2, 10, 38}",120.0,"{8, 3, 37}",130.0,"{2, 10, 38}",109.5,"{1, 18, 7}",154.0,"{0, 33, 2, 1, 4, 37, 38, 6, 39, 9, 10, 11, 3, 18, 25, 27, 28}",154,"{0, 1, 2, 3, 4, 5, 6, 7, 8, 9, 10, 11, 12, 13, 14, 15, 17, 18, 19, 21, 22, 23, 24, 25, 26, 27, 28, 29, 30, 31, 32, 33, 34, 35, 36, 37, 38, 39}",1.0833333333333333,0.8441558441558441,0.7792207792207793,1.187214611872146,0.8441558441558441,0.711038961038961,0.05225706100463867,0.0004489421844482422,2,206,38,studentmath (30),1
4,133.5,"{2, 10, 38, 6}",123.5,"{8, 3, 37, 6}",133.5,"{2, 10, 38, 6}",109.5,"{1, 18, 15, 7}",154.0,"{0, 33, 2, 1, 4, 37, 38, 6, 39, 9, 10, 11, 3, 18, 25, 27, 28}",154,"{0, 1, 2, 3, 4, 5, 6, 7, 8, 9, 10, 11, 12, 13, 14, 15, 17, 18, 19, 21, 22, 23, 24, 25, 26, 27, 28, 29, 30, 31, 32, 33, 34, 35, 36, 37, 38, 39}",1.0809716599190284,0.8668831168831169,0.801948051948052,1.2191780821917808,0.8668831168831169,0.711038961038961,0.06876993179321289,0.00044798851013183594,2,206,38,studentmath (30),1
5,136.5,"{0, 2, 38, 6, 10}",126.0,"{0, 3, 37, 6, 8}",136.5,"{0, 2, 38, 6, 10}",110.5,"{1, 7, 14, 15, 18}",154.0,"{0, 33, 2, 1, 4, 37, 38, 6, 39, 9, 10, 11, 3, 18, 25, 27, 28}",154,"{0, 1, 2, 3, 4, 5, 6, 7, 8, 9, 10, 11, 12, 13, 14, 15, 17, 18, 19, 21, 22, 23, 24, 25, 26, 27, 28, 29, 30, 31, 32, 33, 34, 35, 36, 37, 38, 39}",1.0833333333333333,0.8863636363636364,0.8181818181818182,1.2352941176470589,0.8863636363636364,0.7175324675324676,0.08323287963867188,0.0008270740509033203,2,206,38,studentmath (30),1
1,116.66666666666673,{38},112.00000000000009,{6},116.66666666666673,{38},105.33333333333339,{7},176.0,"{0, 1, 2, 33, 38, 6, 39, 9, 7, 18, 21, 24, 25, 27, 28, 31}",176,"{0, 1, 2, 3, 4, 5, 6, 7, 8, 9, 10, 11, 12, 13, 14, 15, 17, 18, 19, 20, 21, 22, 23, 24, 25, 26, 27, 28, 29, 30, 31, 32, 33, 34, 35, 36, 37, 38, 39}",1.0416666666666665,0.6628787878787882,0.6363636363636368,1.1075949367088609,0.6628787878787882,0.5984848484848487,0.02215123176574707,0.0009229183197021484,3,206,39,studentmath (30),2
2,132.0,"{2, 38}",119.66666666666674,"{0, 6}",132.0,"{2, 38}",107.66666666666673,"{1, 7}",176.0,"{0, 1, 2, 33, 38, 6, 39, 9, 7, 18, 21, 24, 25, 27, 28, 31}",176,"{0, 1, 2, 3, 4, 5, 6, 7, 8, 9, 10, 11, 12, 13, 14, 15, 17, 18, 19, 20, 21, 22, 23, 24, 25, 26, 27, 28, 29, 30, 31, 32, 33, 34, 35, 36, 37, 38, 39}",1.103064066852367,0.75,0.6799242424242429,1.2260061919504637,0.75,0.6117424242424246,0.0449526309967041,0.0005040168762207031,3,206,39,studentmath (30),2
3,141.66666666666669,"{2, 38, 6}",122.33333333333339,"{0, 27, 6}",141.66666666666669,"{2, 38, 6}",108.66666666666673,"{1, 18, 7}",176.0,"{0, 1, 2, 33, 38, 6, 39, 9, 7, 18, 21, 24, 25, 27, 28, 31}",176,"{0, 1, 2, 3, 4, 5, 6, 7, 8, 9, 10, 11, 12, 13, 14, 15, 17, 18, 19, 20, 21, 22, 23, 24, 25, 26, 27, 28, 29, 30, 31, 32, 33, 34, 35, 36, 37, 38, 39}",1.1580381471389642,0.8049242424242425,0.6950757575757579,1.3036809815950914,0.8049242424242425,0.6174242424242428,0.08737707138061523,0.0009610652923583984,3,206,39,studentmath (30),2
4,148.33333333333334,"{0, 2, 38, 6}",127.33333333333334,"{0, 27, 6, 7}",148.33333333333334,"{0, 2, 38, 6}",109.3333333333334,"{1, 18, 15, 7}",176.0,"{0, 1, 2, 33, 38, 6, 39, 9, 7, 18, 21, 24, 25, 27, 28, 31}",176,"{0, 1, 2, 3, 4, 5, 6, 7, 8, 9, 10, 11, 12, 13, 14, 15, 17, 18, 19, 20, 21, 22, 23, 24, 25, 26, 27, 28, 29, 30, 31, 32, 33, 34, 35, 36, 37, 38, 39}",1.1649214659685865,0.8428030303030304,0.7234848484848485,1.35670731707317,0.8428030303030304,0.6212121212121215,0.09557080268859863,0.0007312297821044922,3,206,39,studentmath (30),2
5,153.0,"{0, 2, 38, 6, 28}",130.66666666666666,"{0, 7, 6, 39, 27}",153.0,"{0, 2, 38, 6, 28}",110.66666666666674,"{1, 7, 14, 15, 18}",176.0,"{0, 1, 2, 33, 38, 6, 39, 9, 7, 18, 21, 24, 25, 27, 28, 31}",176,"{0, 1, 2, 3, 4, 5, 6, 7, 8, 9, 10, 11, 12, 13, 14, 15, 17, 18, 19, 20, 21, 22, 23, 24, 25, 26, 27, 28, 29, 30, 31, 32, 33, 34, 35, 36, 37, 38, 39}",1.1709183673469388,0.8693181818181818,0.7424242424242423,1.3825301204819267,0.8693181818181818,0.6287878787878792,0.1199798583984375,0.0009500980377197266,3,206,39,studentmath (30),2
1,125.0,{2},117.75,{6},125.0,{2},114.0,{7},192.0,"{0, 33, 2, 38, 6, 39, 9, 7, 13, 18, 21, 24, 25, 27, 28}",192,"{0, 1, 2, 3, 4, 5, 6, 7, 8, 9, 10, 11, 12, 13, 14, 15, 17, 18, 19, 20, 21, 22, 23, 24, 25, 26, 27, 28, 29, 30, 31, 32, 33, 34, 35, 36, 37, 38, 39}",1.0615711252653928,0.6510416666666666,0.61328125,1.0964912280701755,0.6510416666666666,0.59375,0.037248849868774414,0.0007171630859375,4,206,39,studentmath (30),3
2,144.0,"{2, 38}",130.25,"{0, 6}",144.0,"{2, 38}",117.0,"{1, 7}",192.0,"{0, 33, 2, 38, 6, 39, 9, 7, 13, 18, 21, 24, 25, 27, 28}",192,"{0, 1, 2, 3, 4, 5, 6, 7, 8, 9, 10, 11, 12, 13, 14, 15, 17, 18, 19, 20, 21, 22, 23, 24, 25, 26, 27, 28, 29, 30, 31, 32, 33, 34, 35, 36, 37, 38, 39}",1.1055662188099808,0.75,0.6783854166666666,1.2307692307692308,0.75,0.609375,0.05214405059814453,0.0005550384521484375,4,206,39,studentmath (30),3
3,154.75,"{0, 2, 38}",135.25,"{0, 27, 6}",154.75,"{0, 2, 38}",119.0,"{1, 18, 7}",192.0,"{0, 33, 2, 38, 6, 39, 9, 7, 13, 18, 21, 24, 25, 27, 28}",192,"{0, 1, 2, 3, 4, 5, 6, 7, 8, 9, 10, 11, 12, 13, 14, 15, 17, 18, 19, 20, 21, 22, 23, 24, 25, 26, 27, 28, 29, 30, 31, 32, 33, 34, 35, 36, 37, 38, 39}",1.144177449168207,0.8059895833333334,0.7044270833333334,1.300420168067227,0.8059895833333334,0.6197916666666666,0.0983579158782959,0.0014071464538574219,4,206,39,studentmath (30),3
4,162.5,"{0, 2, 38, 6}",145.0,"{0, 27, 6, 7}",162.5,"{0, 2, 38, 6}",119.49999999999999,"{1, 18, 15, 7}",192.0,"{0, 33, 2, 38, 6, 39, 9, 7, 13, 18, 21, 24, 25, 27, 28}",192,"{0, 1, 2, 3, 4, 5, 6, 7, 8, 9, 10, 11, 12, 13, 14, 15, 17, 18, 19, 20, 21, 22, 23, 24, 25, 26, 27, 28, 29, 30, 31, 32, 33, 34, 35, 36, 37, 38, 39}",1.1206896551724137,0.8463541666666666,0.7552083333333334,1.3598326359832638,0.8463541666666666,0.6223958333333333,0.12189292907714844,0.001009225845336914,4,206,39,studentmath (30),3
5,170.0,"{0, 2, 38, 6, 28}",149.0,"{0, 7, 6, 39, 27}",170.0,"{0, 2, 38, 6, 28}",120.49999999999999,"{1, 7, 14, 15, 18}",192.0,"{0, 33, 2, 38, 6, 39, 9, 7, 13, 18, 21, 24, 25, 27, 28}",192,"{0, 1, 2, 3, 4, 5, 6, 7, 8, 9, 10, 11, 12, 13, 14, 15, 17, 18, 19, 20, 21, 22, 23, 24, 25, 26, 27, 28, 29, 30, 31, 32, 33, 34, 35, 36, 37, 38, 39}",1.1409395973154361,0.8854166666666666,0.7760416666666666,1.4107883817427387,0.8854166666666666,0.6276041666666666,0.12386298179626465,0.0010707378387451172,4,206,39,studentmath (30),3
1,132.39999999999998,{38},125.59999999999997,{6},132.39999999999998,{38},122.79999999999994,{7},198.0,"{0, 2, 38, 6, 39, 9, 7, 13, 21, 24, 27, 28}",198,"{0, 1, 2, 3, 4, 5, 6, 7, 8, 9, 10, 11, 12, 13, 14, 15, 17, 18, 19, 20, 21, 22, 23, 24, 25, 26, 27, 28, 29, 30, 31, 32, 33, 34, 35, 36, 37, 38, 39}",1.0541401273885351,0.6686868686868686,0.6343434343434342,1.0781758957654726,0.6686868686868686,0.6202020202020199,0.029659271240234375,0.0006048679351806641,5,206,39,studentmath (30),4
2,155.4000000000001,"{2, 38}",141.20000000000002,"{0, 6}",155.4000000000001,"{2, 38}",127.39999999999996,"{1, 7}",198.0,"{0, 2, 38, 6, 39, 9, 7, 13, 21, 24, 27, 28}",198,"{0, 1, 2, 3, 4, 5, 6, 7, 8, 9, 10, 11, 12, 13, 14, 15, 17, 18, 19, 20, 21, 22, 23, 24, 25, 26, 27, 28, 29, 30, 31, 32, 33, 34, 35, 36, 37, 38, 39}",1.100566572237961,0.7848484848484854,0.7131313131313132,1.2197802197802208,0.7848484848484854,0.6434343434343432,0.05793404579162598,0.0006170272827148438,5,206,39,studentmath (30),4
3,168.00000000000009,"{0, 2, 38}",146.40000000000003,"{0, 27, 6}",168.00000000000009,"{0, 2, 38}",130.59999999999997,"{1, 18, 7}",198.0,"{0, 2, 38, 6, 39, 9, 7, 13, 21, 24, 27, 28}",198,"{0, 1, 2, 3, 4, 5, 6, 7, 8, 9, 10, 11, 12, 13, 14, 15, 17, 18, 19, 20, 21, 22, 23, 24, 25, 26, 27, 28, 29, 30, 31, 32, 33, 34, 35, 36, 37, 38, 39}",1.1475409836065578,0.848484848484849,0.7393939393939396,1.2863705972434927,0.848484848484849,0.6595959595959594,0.11144018173217773,0.001215219497680664,5,206,39,studentmath (30),4
4,175.80000000000007,"{0, 2, 28, 38}",159.80000000000004,"{0, 27, 6, 7}",175.80000000000007,"{0, 2, 28, 38}",131.14999999999995,"{1, 18, 15, 7}",198.0,"{0, 2, 38, 6, 39, 9, 7, 13, 21, 24, 27, 28}",198,"{0, 1, 2, 3, 4, 5, 6, 7, 8, 9, 10, 11, 12, 13, 14, 15, 17, 18, 19, 20, 21, 22, 23, 24, 25, 26, 27, 28, 29, 30, 31, 32, 33, 34, 35, 36, 37, 38, 39}",1.1001251564455572,0.8878787878787883,0.8070707070707073,1.3404498665650029,0.8878787878787883,0.6623737373737372,0.1566460132598877,0.0010101795196533203,5,206,39,studentmath (30),4
5,181.60000000000005,"{0, 2, 38, 6, 28}",164.4,"{0, 7, 6, 39, 27}",181.60000000000005,"{0, 2, 38, 6, 28}",131.54999999999995,"{1, 7, 14, 15, 18}",198.0,"{0, 2, 38, 6, 39, 9, 7, 13, 21, 24, 27, 28}",198,"{0, 1, 2, 3, 4, 5, 6, 7, 8, 9, 10, 11, 12, 13, 14, 15, 17, 18, 19, 20, 21, 22, 23, 24, 25, 26, 27, 28, 29, 30, 31, 32, 33, 34, 35, 36, 37, 38, 39}",1.104622871046229,0.9171717171717174,0.8303030303030303,1.3804637020144441,0.9171717171717174,0.6643939393939392,0.18909978866577148,0.0009021759033203125,5,206,39,studentmath (30),4
1,138.16666666666663,{2},127.00000000000003,{6},138.16666666666663,{2},123.50000000000003,{7},200.0,"{0, 2, 38, 6, 39, 9, 7, 18, 21, 24, 28}",200,"{0, 1, 2, 3, 4, 5, 6, 7, 8, 9, 10, 11, 12, 13, 14, 15, 17, 18, 19, 20, 21, 22, 23, 24, 25, 26, 27, 28, 29, 30, 31, 32, 33, 34, 35, 36, 37, 38, 39}",1.0879265091863513,0.6908333333333332,0.6350000000000001,1.1187584345479076,0.6908333333333332,0.6175000000000002,0.03759622573852539,0.0008878707885742188,6,206,39,studentmath (30),5
2,164.33333333333331,"{2, 38}",144.3333333333333,"{0, 6}",164.33333333333331,"{2, 38}",128.5,"{1, 7}",200.0,"{0, 2, 38, 6, 39, 9, 7, 18, 21, 24, 28}",200,"{0, 1, 2, 3, 4, 5, 6, 7, 8, 9, 10, 11, 12, 13, 14, 15, 17, 18, 19, 20, 21, 22, 23, 24, 25, 26, 27, 28, 29, 30, 31, 32, 33, 34, 35, 36, 37, 38, 39}",1.1385681293302543,0.8216666666666665,0.7216666666666665,1.278858625162127,0.8216666666666665,0.6425,0.07944393157958984,0.0012929439544677734,6,206,39,studentmath (30),5
3,175.66666666666666,"{0, 2, 38}",148.83333333333326,"{0, 27, 6}",175.66666666666666,"{0, 2, 38}",132.66666666666669,"{1, 18, 7}",200.0,"{0, 2, 38, 6, 39, 9, 7, 18, 21, 24, 28}",200,"{0, 1, 2, 3, 4, 5, 6, 7, 8, 9, 10, 11, 12, 13, 14, 15, 17, 18, 19, 20, 21, 22, 23, 24, 25, 26, 27, 28, 29, 30, 31, 32, 33, 34, 35, 36, 37, 38, 39}",1.180291153415454,0.8783333333333333,0.7441666666666663,1.3241206030150752,0.8783333333333333,0.6633333333333334,0.13913607597351074,0.0008111000061035156,6,206,39,studentmath (30),5
4,183.66666666666663,"{0, 2, 28, 38}",162.99999999999991,"{0, 27, 6, 7}",183.66666666666663,"{0, 2, 28, 38}",133.36666666666665,"{1, 18, 15, 7}",200.0,"{0, 2, 38, 6, 39, 9, 7, 18, 21, 24, 28}",200,"{0, 1, 2, 3, 4, 5, 6, 7, 8, 9, 10, 11, 12, 13, 14, 15, 17, 18, 19, 20, 21, 22, 23, 24, 25, 26, 27, 28, 29, 30, 31, 32, 33, 34, 35, 36, 37, 38, 39}",1.12678936605317,0.9183333333333331,0.8149999999999996,1.377155711072232,0.9183333333333331,0.6668333333333333,0.1705312728881836,0.0013098716735839844,6,206,39,studentmath (30),5
5,189.3333333333333,"{0, 2, 38, 6, 28}",168.16666666666663,"{0, 7, 6, 39, 27}",189.3333333333333,"{0, 2, 38, 6, 28}",133.7166666666667,"{1, 7, 14, 15, 18}",200.0,"{0, 2, 38, 6, 39, 9, 7, 18, 21, 24, 28}",200,"{0, 1, 2, 3, 4, 5, 6, 7, 8, 9, 10, 11, 12, 13, 14, 15, 17, 18, 19, 20, 21, 22, 23, 24, 25, 26, 27, 28, 29, 30, 31, 32, 33, 34, 35, 36, 37, 38, 39}",1.1258671952428145,0.9466666666666664,0.8408333333333331,1.4159292035398223,0.9466666666666664,0.6685833333333335,0.22325992584228516,0.0013089179992675781,6,206,39,studentmath (30),5
1,144.4285714285715,{2},137.7142857142858,{6},144.4285714285715,{2},130.2857142857143,{7},204.0,"{0, 2, 38, 6, 9, 21, 28}",204,"{0, 1, 2, 3, 4, 5, 6, 7, 8, 9, 10, 11, 12, 13, 14, 15, 17, 18, 19, 20, 21, 22, 23, 24, 25, 26, 27, 28, 29, 30, 31, 32, 33, 34, 35, 36, 37, 38, 39}",1.0487551867219915,0.7079831932773113,0.675070028011205,1.1085526315789478,0.7079831932773113,0.638655462184874,0.046395063400268555,0.0012989044189453125,7,206,39,studentmath (30),6
2,172.00000000000003,"{2, 38}",155.00000000000003,"{0, 6}",172.00000000000003,"{2, 38}",136.4285714285715,"{1, 7}",204.0,"{0, 2, 38, 6, 9, 21, 28}",204,"{0, 1, 2, 3, 4, 5, 6, 7, 8, 9, 10, 11, 12, 13, 14, 15, 17, 18, 19, 20, 21, 22, 23, 24, 25, 26, 27, 28, 29, 30, 31, 32, 33, 34, 35, 36, 37, 38, 39}",1.1096774193548387,0.8431372549019609,0.7598039215686276,1.2607329842931934,0.8431372549019609,0.6687675070028015,0.08609604835510254,0.001165151596069336,7,206,39,studentmath (30),6
3,182.85714285714283,"{0, 2, 38}",159.7142857142857,"{0, 27, 6}",182.85714285714283,"{0, 2, 38}",141.14285714285725,"{1, 18, 7}",204.0,"{0, 2, 38, 6, 9, 21, 28}",204,"{0, 1, 2, 3, 4, 5, 6, 7, 8, 9, 10, 11, 12, 13, 14, 15, 17, 18, 19, 20, 21, 22, 23, 24, 25, 26, 27, 28, 29, 30, 31, 32, 33, 34, 35, 36, 37, 38, 39}",1.144901610017889,0.8963585434173669,0.7829131652661063,1.2955465587044523,0.8963585434173669,0.6918767507002807,0.1315913200378418,0.0014567375183105469,7,206,39,studentmath (30),6
4,191.42857142857144,"{0, 2, 28, 38}",176.1428571428571,"{0, 27, 6, 7}",191.42857142857144,"{0, 2, 28, 38}",141.76190476190484,"{1, 18, 15, 7}",204.0,"{0, 2, 38, 6, 9, 21, 28}",204,"{0, 1, 2, 3, 4, 5, 6, 7, 8, 9, 10, 11, 12, 13, 14, 15, 17, 18, 19, 20, 21, 22, 23, 24, 25, 26, 27, 28, 29, 30, 31, 32, 33, 34, 35, 36, 37, 38, 39}",1.0867802108678024,0.9383753501400561,0.8634453781512603,1.3503527040644938,0.9383753501400561,0.6949112978524747,0.16849207878112793,0.0015511512756347656,7,206,39,studentmath (30),6
5,197.71428571428575,"{0, 2, 38, 6, 28}",180.28571428571428,"{0, 7, 6, 39, 27}",197.71428571428575,"{0, 2, 38, 6, 28}",142.1619047619048,"{1, 7, 14, 15, 18}",204.0,"{0, 2, 38, 6, 9, 21, 28}",204,"{0, 1, 2, 3, 4, 5, 6, 7, 8, 9, 10, 11, 12, 13, 14, 15, 17, 18, 19, 20, 21, 22, 23, 24, 25, 26, 27, 28, 29, 30, 31, 32, 33, 34, 35, 36, 37, 38, 39}",1.0966719492868466,0.9691876750700282,0.8837535014005602,1.3907684062437193,0.9691876750700282,0.6968720821662,0.2598857879638672,0.0015621185302734375,7,206,39,studentmath (30),6
1,151.25,{2},142.5,{6},151.25,{2},132.875,{7},205.0,"{0, 2, 38, 6, 9, 21, 28}",205,"{0, 1, 2, 3, 4, 5, 6, 7, 8, 9, 10, 11, 12, 13, 14, 15, 17, 18, 19, 20, 21, 22, 23, 24, 25, 26, 27, 28, 29, 30, 31, 32, 33, 34, 35, 36, 37, 38, 39}",1.0614035087719298,0.7378048780487805,0.6951219512195121,1.1382878645343368,0.7378048780487805,0.6481707317073171,0.0606229305267334,0.0011560916900634766,8,206,39,studentmath (30),7
2,178.5,"{2, 38}",160.75,"{0, 6}",178.5,"{2, 38}",140.125,"{1, 7}",205.0,"{0, 2, 38, 6, 9, 21, 28}",205,"{0, 1, 2, 3, 4, 5, 6, 7, 8, 9, 10, 11, 12, 13, 14, 15, 17, 18, 19, 20, 21, 22, 23, 24, 25, 26, 27, 28, 29, 30, 31, 32, 33, 34, 35, 36, 37, 38, 39}",1.1104199066874028,0.8707317073170732,0.7841463414634147,1.2738626226583407,0.8707317073170732,0.6835365853658537,0.10659670829772949,0.0008091926574707031,8,206,39,studentmath (30),7
3,188.25,"{0, 2, 38}",165.375,"{0, 27, 6}",188.25,"{0, 2, 38}",145.625,"{1, 18, 7}",205.0,"{0, 2, 38, 6, 9, 21, 28}",205,"{0, 1, 2, 3, 4, 5, 6, 7, 8, 9, 10, 11, 12, 13, 14, 15, 17, 18, 19, 20, 21, 22, 23, 24, 25, 26, 27, 28, 29, 30, 31, 32, 33, 34, 35, 36, 37, 38, 39}",1.1383219954648527,0.9182926829268293,0.8067073170731708,1.2927038626609442,0.9182926829268293,0.7103658536585366,0.14494895935058594,0.0015459060668945312,8,206,39,studentmath (30),7
4,195.875,"{0, 2, 28, 38}",179.625,"{0, 27, 6, 7}",195.875,"{0, 2, 28, 38}",146.125,"{1, 18, 15, 7}",205.0,"{0, 2, 38, 6, 9, 21, 28}",205,"{0, 1, 2, 3, 4, 5, 6, 7, 8, 9, 10, 11, 12, 13, 14, 15, 17, 18, 19, 20, 21, 22, 23, 24, 25, 26, 27, 28, 29, 30, 31, 32, 33, 34, 35, 36, 37, 38, 39}",1.0904662491301322,0.9554878048780487,0.876219512195122,1.3404619332763046,0.9554878048780487,0.7128048780487805,0.1936490535736084,0.0015459060668945312,8,206,39,studentmath (30),7
5,200.75,"{0, 2, 38, 6, 28}",182.875,"{0, 7, 6, 39, 27}",200.75,"{0, 2, 38, 6, 28}",146.51785714285714,"{1, 7, 14, 15, 18}",205.0,"{0, 2, 38, 6, 9, 21, 28}",205,"{0, 1, 2, 3, 4, 5, 6, 7, 8, 9, 10, 11, 12, 13, 14, 15, 17, 18, 19, 20, 21, 22, 23, 24, 25, 26, 27, 28, 29, 30, 31, 32, 33, 34, 35, 36, 37, 38, 39}",1.0977443609022557,0.9792682926829268,0.8920731707317073,1.3701401584399757,0.9792682926829268,0.7147212543554007,0.24542903900146484,0.0014798641204833984,8,206,39,studentmath (30),7
1,157.88888888888889,{38},148.8888888888889,{6},157.88888888888889,{38},137.33333333333331,{7},206.0,"{0, 2, 38, 6, 9, 24, 28}",206,"{0, 1, 2, 3, 4, 5, 6, 7, 8, 9, 10, 11, 12, 13, 14, 15, 17, 18, 19, 20, 21, 22, 23, 24, 25, 26, 27, 28, 29, 30, 31, 32, 33, 34, 35, 36, 37, 38, 39}",1.0604477611940297,0.7664509169363538,0.7227615965480044,1.149676375404531,0.7664509169363538,0.6666666666666666,0.05766892433166504,0.0016329288482666016,9,206,39,studentmath (30),8
2,185.11111111111114,"{2, 38}",167.11111111111123,"{0, 6}",185.11111111111114,"{2, 38}",145.2222222222222,"{1, 7}",206.0,"{0, 2, 38, 6, 9, 24, 28}",206,"{0, 1, 2, 3, 4, 5, 6, 7, 8, 9, 10, 11, 12, 13, 14, 15, 17, 18, 19, 20, 21, 22, 23, 24, 25, 26, 27, 28, 29, 30, 31, 32, 33, 34, 35, 36, 37, 38, 39}",1.1077127659574462,0.8985976267529667,0.8112189859762681,1.2746748278500386,0.8985976267529667,0.7049622437971952,0.10483002662658691,0.0016188621520996094,9,206,39,studentmath (30),8
3,194.22222222222226,"{0, 2, 38}",172.1111111111112,"{0, 27, 6}",194.22222222222226,"{0, 2, 38}",151.1111111111111,"{1, 18, 7}",206.0,"{0, 2, 38, 6, 9, 24, 28}",206,"{0, 1, 2, 3, 4, 5, 6, 7, 8, 9, 10, 11, 12, 13, 14, 15, 17, 18, 19, 20, 21, 22, 23, 24, 25, 26, 27, 28, 29, 30, 31, 32, 33, 34, 35, 36, 37, 38, 39}",1.128469980632666,0.9428263214670983,0.8354908306364621,1.2852941176470594,0.9428263214670983,0.7335490830636461,0.1630690097808838,0.0017249584197998047,9,206,39,studentmath (30),8
4,199.22222222222223,"{0, 2, 28, 38}",185.6666666666667,"{0, 27, 6, 7}",199.22222222222223,"{0, 2, 28, 38}",151.49999999999997,"{1, 18, 15, 7}",206.0,"{0, 2, 38, 6, 9, 24, 28}",206,"{0, 1, 2, 3, 4, 5, 6, 7, 8, 9, 10, 11, 12, 13, 14, 15, 17, 18, 19, 20, 21, 22, 23, 24, 25, 26, 27, 28, 29, 30, 31, 32, 33, 34, 35, 36, 37, 38, 39}",1.073010173548773,0.9670981661272924,0.9012944983818773,1.3149981664833152,0.9670981661272924,0.7354368932038834,0.2048201560974121,0.0016448497772216797,9,206,39,studentmath (30),8
5,203.11111111111111,"{0, 2, 38, 24, 28}",187.77777777777783,"{0, 7, 6, 39, 27}",203.11111111111111,"{0, 2, 38, 24, 28}",151.94444444444443,"{1, 7, 14, 15, 18}",206.0,"{0, 2, 38, 6, 9, 24, 28}",206,"{0, 1, 2, 3, 4, 5, 6, 7, 8, 9, 10, 11, 12, 13, 14, 15, 17, 18, 19, 20, 21, 22, 23, 24, 25, 26, 27, 28, 29, 30, 31, 32, 33, 34, 35, 36, 37, 38, 39}",1.0816568047337276,0.9859762675296656,0.911542610571737,1.3367458866544792,0.9859762675296656,0.7375943905070118,0.33770322799682617,0.002065896987915039,9,206,39,studentmath (30),8
1,162.40000000000003,{38},153.0,{6},162.40000000000003,{38},139.7,{7},206.0,"{0, 2, 38, 6, 24, 28}",206,"{0, 1, 2, 3, 4, 5, 6, 7, 8, 9, 10, 11, 12, 13, 14, 15, 17, 18, 19, 20, 21, 22, 23, 24, 25, 26, 27, 28, 29, 30, 31, 32, 33, 34, 35, 36, 37, 38, 39}",1.0614379084967323,0.788349514563107,0.7427184466019418,1.1624910522548322,0.788349514563107,0.6781553398058252,0.06534290313720703,0.0009109973907470703,10,206,39,studentmath (30),9
2,189.8,"{2, 38}",170.80000000000004,"{0, 6}",189.8,"{2, 38}",147.59999999999997,"{1, 7}",206.0,"{0, 2, 38, 6, 24, 28}",206,"{0, 1, 2, 3, 4, 5, 6, 7, 8, 9, 10, 11, 12, 13, 14, 15, 17, 18, 19, 20, 21, 22, 23, 24, 25, 26, 27, 28, 29, 30, 31, 32, 33, 34, 35, 36, 37, 38, 39}",1.1112412177985946,0.921359223300971,0.8291262135922332,1.285907859078591,0.921359223300971,0.7165048543689319,0.11731624603271484,0.002070903778076172,10,206,39,studentmath (30),9
3,198.2,"{0, 2, 38}",177.10000000000005,"{0, 27, 6}",198.2,"{0, 2, 38}",153.60000000000002,"{1, 18, 7}",206.0,"{0, 2, 38, 6, 24, 28}",206,"{0, 1, 2, 3, 4, 5, 6, 7, 8, 9, 10, 11, 12, 13, 14, 15, 17, 18, 19, 20, 21, 22, 23, 24, 25, 26, 27, 28, 29, 30, 31, 32, 33, 34, 35, 36, 37, 38, 39}",1.1191417278373796,0.962135922330097,0.8597087378640779,1.290364583333333,0.962135922330097,0.7456310679611652,0.1619420051574707,0.0017647743225097656,10,206,39,studentmath (30),9
4,202.2,"{0, 2, 28, 38}",189.5,"{0, 27, 6, 7}",202.2,"{0, 2, 28, 38}",153.94444444444443,"{1, 18, 15, 7}",206.0,"{0, 2, 38, 6, 24, 28}",206,"{0, 1, 2, 3, 4, 5, 6, 7, 8, 9, 10, 11, 12, 13, 14, 15, 17, 18, 19, 20, 21, 22, 23, 24, 25, 26, 27, 28, 29, 30, 31, 32, 33, 34, 35, 36, 37, 38, 39}",1.067018469656992,0.9815533980582524,0.9199029126213593,1.3134608444604836,0.9815533980582524,0.7473031283710895,0.2848780155181885,0.0019860267639160156,10,206,39,studentmath (30),9
5,204.9,"{0, 2, 38, 24, 28}",192.5,"{0, 7, 6, 39, 27}",204.9,"{0, 2, 38, 24, 28}",154.4222222222222,"{1, 7, 14, 15, 18}",206.0,"{0, 2, 38, 6, 24, 28}",206,"{0, 1, 2, 3, 4, 5, 6, 7, 8, 9, 10, 11, 12, 13, 14, 15, 17, 18, 19, 20, 21, 22, 23, 24, 25, 26, 27, 28, 29, 30, 31, 32, 33, 34, 35, 36, 37, 38, 39}",1.0644155844155845,0.9946601941747573,0.9344660194174758,1.3268815656929058,0.9946601941747573,0.7496224379719524,0.4164595603942871,0.003195047378540039,10,206,39,studentmath (30),9
