K,F(Sg+ U Sg-)*,(Sg+ U Sg-)*,F(Sr+ U Sr-)*,(Sr+ U Sr-)*,F(Sg),Sg,F(Sr),Sr,F(Sgfull),Sgfull,F(Srfull),Srfull,F(Sg+ U Sg-)*/F(Sr+ U Sr-)*,F(Sg+ U Sg-)*/F(Sgfull),F(Sr+ U Sr-)*/F(Srfull),F(Sg)/F(Sr),F(Sg)/F(Sgfull),F(Sr)/F(Srfull),budgetGreedyTime,budgetRdmTime,kmax,n,m,graphid,dataset,group0edges,group1edges,group0targets,group1targets
0,70.0,set(),70.0,set(),70.0,set(),70.0,set(),70.0,set(),70,"{0, 1, 2, 3, 4, 5, 6, 7, 8, 9, 10, 11, 12, 13, 14, 15, 16, 17, 18, 19, 20, 21, 22, 23, 24, 25, 26, 28, 29, 30, 32, 33, 34, 35, 36, 37, 38, 39, 42, 43, 44, 45, 46, 47, 48, 49}",1.0,1.0,1.0,1.0,1.0,1.0,0.00098419189453125,0.0009400844573974609,1,328,46,0,adult (14),[44],,,-1
2,70.0,set(),70.0,"{1, 14}",70.0,set(),70.0,"{44, 7}",70.0,set(),70,"{0, 1, 2, 3, 4, 5, 6, 7, 8, 9, 10, 11, 12, 13, 14, 15, 16, 17, 18, 19, 20, 21, 22, 23, 24, 25, 26, 28, 29, 30, 32, 33, 34, 35, 36, 37, 38, 39, 42, 43, 44, 45, 46, 47, 48, 49}",1.0,1.0,1.0,1.0,1.0,1.0,0.030174970626831055,0.0005741119384765625,1,328,46,0,adult (14),[44],,,-1
4,70.0,set(),70.0,"{1, 23, 14, 25}",70.0,set(),70.0,"{1, 44, 17, 7}",70.0,set(),70,"{0, 1, 2, 3, 4, 5, 6, 7, 8, 9, 10, 11, 12, 13, 14, 15, 16, 17, 18, 19, 20, 21, 22, 23, 24, 25, 26, 28, 29, 30, 32, 33, 34, 35, 36, 37, 38, 39, 42, 43, 44, 45, 46, 47, 48, 49}",1.0,1.0,1.0,1.0,1.0,1.0,0.02949213981628418,0.0005900859832763672,1,328,46,0,adult (14),[44],,,-1
6,70.0,set(),70.0,"{1, 23, 22, 7, 25, 14}",70.0,set(),70.0,"{1, 7, 44, 14, 15, 17}",70.0,set(),70,"{0, 1, 2, 3, 4, 5, 6, 7, 8, 9, 10, 11, 12, 13, 14, 15, 16, 17, 18, 19, 20, 21, 22, 23, 24, 25, 26, 28, 29, 30, 32, 33, 34, 35, 36, 37, 38, 39, 42, 43, 44, 45, 46, 47, 48, 49}",1.0,1.0,1.0,1.0,1.0,1.0,0.02999711036682129,0.0008420944213867188,1,328,46,0,adult (14),[44],,,-1
0,79.5,set(),79.5,set(),79.5,set(),79.5,set(),144.0,"{34, 3, 5, 6, 8, 9, 11, 43, 46, 18, 31}",144,"{0, 1, 2, 3, 4, 5, 6, 7, 8, 9, 10, 11, 12, 13, 14, 15, 16, 17, 18, 19, 20, 21, 22, 23, 24, 25, 26, 28, 29, 30, 31, 32, 33, 34, 35, 36, 37, 38, 39, 40, 41, 42, 43, 44, 45, 46, 47, 48, 49}",1.0,0.5520833333333334,0.5520833333333334,1.0,0.5520833333333334,0.5520833333333334,0.0006759166717529297,0.0011391639709472656,2,328,49,1,adult (14),"[44, 13]",,,-1
2,108.5,"{9, 5}",96.5,"{18, 5}",108.5,"{9, 5}",80.0,"{41, 7}",144.0,"{34, 3, 5, 6, 8, 9, 11, 43, 46, 18, 31}",144,"{0, 1, 2, 3, 4, 5, 6, 7, 8, 9, 10, 11, 12, 13, 14, 15, 16, 17, 18, 19, 20, 21, 22, 23, 24, 25, 26, 28, 29, 30, 31, 32, 33, 34, 35, 36, 37, 38, 39, 40, 41, 42, 43, 44, 45, 46, 47, 48, 49}",1.1243523316062176,0.7534722222222222,0.6701388888888888,1.35625,0.7534722222222222,0.5555555555555556,0.06458592414855957,0.0006649494171142578,2,328,49,1,adult (14),"[44, 13]",,,-1
4,126.0,"{8, 9, 11, 5}",114.0,"{9, 18, 3, 5}",126.0,"{8, 9, 11, 5}",88.0,"{48, 41, 1, 7}",144.0,"{34, 3, 5, 6, 8, 9, 11, 43, 46, 18, 31}",144,"{0, 1, 2, 3, 4, 5, 6, 7, 8, 9, 10, 11, 12, 13, 14, 15, 16, 17, 18, 19, 20, 21, 22, 23, 24, 25, 26, 28, 29, 30, 31, 32, 33, 34, 35, 36, 37, 38, 39, 40, 41, 42, 43, 44, 45, 46, 47, 48, 49}",1.105263157894737,0.875,0.7916666666666666,1.4318181818181819,0.875,0.6111111111111112,0.12880587577819824,0.0006940364837646484,2,328,49,1,adult (14),"[44, 13]",,,-1
6,134.0,"{5, 46, 8, 9, 11, 43}",129.5,"{18, 3, 5, 8, 9, 31}",134.0,"{5, 8, 9, 11, 43, 46}",89.0,"{1, 7, 41, 14, 15, 17}",144.0,"{34, 3, 5, 6, 8, 9, 11, 43, 46, 18, 31}",144,"{0, 1, 2, 3, 4, 5, 6, 7, 8, 9, 10, 11, 12, 13, 14, 15, 16, 17, 18, 19, 20, 21, 22, 23, 24, 25, 26, 28, 29, 30, 31, 32, 33, 34, 35, 36, 37, 38, 39, 40, 41, 42, 43, 44, 45, 46, 47, 48, 49}",1.0347490347490347,0.9305555555555556,0.8993055555555556,1.5056179775280898,0.9305555555555556,0.6180555555555556,0.19503402709960938,0.0006768703460693359,2,328,49,1,adult (14),"[44, 13]",,,-1
0,84.9999999999999,set(),84.9999999999999,set(),84.9999999999999,set(),84.9999999999999,set(),207.0,"{3, 5, 6, 8, 9, 10, 11, 43, 40, 46, 18, 31}",207,"{0, 1, 2, 3, 4, 5, 6, 7, 8, 9, 10, 11, 12, 13, 14, 15, 16, 17, 18, 19, 20, 21, 22, 23, 24, 25, 26, 28, 29, 30, 31, 32, 33, 34, 35, 36, 37, 38, 39, 40, 41, 42, 43, 44, 45, 46, 47, 48, 49}",1.0,0.410628019323671,0.410628019323671,1.0,0.410628019323671,0.410628019323671,0.0007011890411376953,0.0008590221405029297,3,328,49,2,adult (14),"[44, 13, 20]",,,-1
2,147.3333333333334,"{9, 5}",123.99999999999982,"{18, 5}",147.3333333333334,"{9, 5}",85.33333333333324,"{41, 7}",207.0,"{3, 5, 6, 8, 9, 10, 11, 43, 40, 46, 18, 31}",207,"{0, 1, 2, 3, 4, 5, 6, 7, 8, 9, 10, 11, 12, 13, 14, 15, 16, 17, 18, 19, 20, 21, 22, 23, 24, 25, 26, 28, 29, 30, 31, 32, 33, 34, 35, 36, 37, 38, 39, 40, 41, 42, 43, 44, 45, 46, 47, 48, 49}",1.188172043010755,0.7117552334943642,0.5990338164251199,1.7265625000000027,0.7117552334943642,0.4122383252818031,0.07982802391052246,0.0007507801055908203,3,328,49,2,adult (14),"[44, 13, 20]",,,-1
4,178.6666666666667,"{8, 9, 5, 46}",156.3333333333334,"{9, 18, 3, 5}",178.6666666666667,"{8, 9, 5, 46}",93.8333333333332,"{48, 41, 1, 7}",207.0,"{3, 5, 6, 8, 9, 10, 11, 43, 40, 46, 18, 31}",207,"{0, 1, 2, 3, 4, 5, 6, 7, 8, 9, 10, 11, 12, 13, 14, 15, 16, 17, 18, 19, 20, 21, 22, 23, 24, 25, 26, 28, 29, 30, 31, 32, 33, 34, 35, 36, 37, 38, 39, 40, 41, 42, 43, 44, 45, 46, 47, 48, 49}",1.1428571428571426,0.8631239935587764,0.7552334943639295,1.9040852575488487,0.8631239935587764,0.45330112721417004,0.15653514862060547,0.0012888908386230469,3,328,49,2,adult (14),"[44, 13, 20]",,,-1
6,191.66666666666674,"{5, 8, 9, 11, 46, 31}",185.33333333333337,"{18, 3, 5, 8, 9, 31}",191.66666666666674,"{5, 8, 9, 11, 46, 31}",92.33333333333321,"{1, 7, 41, 14, 15, 17}",207.0,"{3, 5, 6, 8, 9, 10, 11, 43, 40, 46, 18, 31}",207,"{0, 1, 2, 3, 4, 5, 6, 7, 8, 9, 10, 11, 12, 13, 14, 15, 16, 17, 18, 19, 20, 21, 22, 23, 24, 25, 26, 28, 29, 30, 31, 32, 33, 34, 35, 36, 37, 38, 39, 40, 41, 42, 43, 44, 45, 46, 47, 48, 49}",1.0341726618705038,0.9259259259259263,0.8953301127214173,2.0758122743682343,0.9259259259259263,0.4460547504025759,0.22758889198303223,0.0010199546813964844,3,328,49,2,adult (14),"[44, 13, 20]",,,-1
0,88.25,set(),88.25,set(),88.25,set(),88.25,set(),242.0,"{3, 5, 6, 8, 9, 40, 43, 11, 46, 18, 31}",242,"{0, 1, 2, 3, 4, 5, 6, 7, 8, 9, 10, 11, 12, 13, 14, 15, 16, 17, 18, 19, 20, 21, 22, 23, 24, 25, 26, 28, 29, 30, 31, 32, 33, 34, 35, 36, 37, 38, 39, 40, 41, 42, 43, 44, 45, 46, 47, 48, 49}",1.0,0.3646694214876033,0.3646694214876033,1.0,0.3646694214876033,0.3646694214876033,0.00080108642578125,0.0008020401000976562,4,328,49,3,adult (14),"[44, 13, 20, 8]",,,-1
2,174.75,"{9, 5}",140.75,"{18, 5}",174.75,"{9, 5}",88.41666666666666,"{41, 7}",242.0,"{3, 5, 6, 8, 9, 40, 43, 11, 46, 18, 31}",242,"{0, 1, 2, 3, 4, 5, 6, 7, 8, 9, 10, 11, 12, 13, 14, 15, 16, 17, 18, 19, 20, 21, 22, 23, 24, 25, 26, 28, 29, 30, 31, 32, 33, 34, 35, 36, 37, 38, 39, 40, 41, 42, 43, 44, 45, 46, 47, 48, 49}",1.241563055062167,0.7221074380165289,0.5816115702479339,1.9764373232799248,0.7221074380165289,0.36535812672176304,0.08548974990844727,0.0008420944213867188,4,328,49,3,adult (14),"[44, 13, 20, 8]",,,-1
4,219.25,"{8, 9, 5, 46}",184.25,"{9, 18, 3, 5}",219.25,"{8, 9, 5, 46}",95.16666666666661,"{48, 41, 1, 7}",242.0,"{3, 5, 6, 8, 9, 40, 43, 11, 46, 18, 31}",242,"{0, 1, 2, 3, 4, 5, 6, 7, 8, 9, 10, 11, 12, 13, 14, 15, 16, 17, 18, 19, 20, 21, 22, 23, 24, 25, 26, 28, 29, 30, 31, 32, 33, 34, 35, 36, 37, 38, 39, 40, 41, 42, 43, 44, 45, 46, 47, 48, 49}",1.1899592944369064,0.90599173553719,0.7613636363636364,2.303852889667252,0.90599173553719,0.39325068870523394,0.17909002304077148,0.0009009838104248047,4,328,49,3,adult (14),"[44, 13, 20, 8]",,,-1
6,230.75,"{3, 5, 8, 9, 46, 31}",225.25,"{18, 3, 5, 8, 9, 31}",230.75,"{3, 5, 8, 9, 46, 31}",94.58333333333329,"{1, 7, 41, 14, 15, 17}",242.0,"{3, 5, 6, 8, 9, 40, 43, 11, 46, 18, 31}",242,"{0, 1, 2, 3, 4, 5, 6, 7, 8, 9, 10, 11, 12, 13, 14, 15, 16, 17, 18, 19, 20, 21, 22, 23, 24, 25, 26, 28, 29, 30, 31, 32, 33, 34, 35, 36, 37, 38, 39, 40, 41, 42, 43, 44, 45, 46, 47, 48, 49}",1.0244173140954496,0.9535123966942148,0.9307851239669421,2.4396475770925123,0.9535123966942148,0.39084022038567473,0.24916291236877441,0.0008718967437744141,4,328,49,3,adult (14),"[44, 13, 20, 8]",,,-1
0,92.20000000000034,set(),92.20000000000034,set(),92.20000000000034,set(),92.20000000000034,set(),267.0,"{3, 5, 6, 8, 9, 43, 11, 46, 18, 31}",267,"{0, 1, 2, 3, 4, 5, 6, 7, 8, 9, 10, 11, 12, 13, 14, 15, 16, 17, 18, 19, 20, 21, 22, 23, 24, 25, 26, 28, 29, 30, 31, 32, 33, 34, 35, 36, 37, 38, 39, 40, 41, 42, 43, 44, 45, 46, 47, 48, 49}",1.0,0.3453183520599264,0.3453183520599264,1.0,0.3453183520599264,0.3453183520599264,0.0008690357208251953,0.0008828639984130859,5,328,49,4,adult (14),"[44, 13, 20, 8, 45]",,,-1
2,206.79999999999984,"{8, 9}",160.40000000000006,"{18, 5}",206.79999999999984,"{8, 9}",92.40000000000035,"{41, 7}",267.0,"{3, 5, 6, 8, 9, 43, 11, 46, 18, 31}",267,"{0, 1, 2, 3, 4, 5, 6, 7, 8, 9, 10, 11, 12, 13, 14, 15, 16, 17, 18, 19, 20, 21, 22, 23, 24, 25, 26, 28, 29, 30, 31, 32, 33, 34, 35, 36, 37, 38, 39, 40, 41, 42, 43, 44, 45, 46, 47, 48, 49}",1.2892768079800483,0.7745318352059919,0.6007490636704123,2.238095238095228,0.7745318352059919,0.3460674157303384,0.09478211402893066,0.001134634017944336,5,328,49,4,adult (14),"[44, 13, 20, 8, 45]",,,-1
4,245.1999999999999,"{8, 9, 5, 46}",217.79999999999984,"{9, 18, 3, 5}",245.1999999999999,"{8, 9, 5, 46}",98.65000000000025,"{48, 41, 1, 7}",267.0,"{3, 5, 6, 8, 9, 43, 11, 46, 18, 31}",267,"{0, 1, 2, 3, 4, 5, 6, 7, 8, 9, 10, 11, 12, 13, 14, 15, 16, 17, 18, 19, 20, 21, 22, 23, 24, 25, 26, 28, 29, 30, 31, 32, 33, 34, 35, 36, 37, 38, 39, 40, 41, 42, 43, 44, 45, 46, 47, 48, 49}",1.1258034894398534,0.9183520599250933,0.8157303370786511,2.485554992397357,0.9183520599250933,0.36947565543071254,0.19196009635925293,0.0009930133819580078,5,328,49,4,adult (14),"[44, 13, 20, 8, 45]",,,-1
6,256.99999999999994,"{3, 5, 8, 9, 46, 31}",251.3999999999999,"{18, 3, 5, 8, 9, 31}",256.99999999999994,"{3, 5, 8, 9, 46, 31}",98.10000000000022,"{1, 7, 41, 14, 15, 17}",267.0,"{3, 5, 6, 8, 9, 43, 11, 46, 18, 31}",267,"{0, 1, 2, 3, 4, 5, 6, 7, 8, 9, 10, 11, 12, 13, 14, 15, 16, 17, 18, 19, 20, 21, 22, 23, 24, 25, 26, 28, 29, 30, 31, 32, 33, 34, 35, 36, 37, 38, 39, 40, 41, 42, 43, 44, 45, 46, 47, 48, 49}",1.0222752585521084,0.9625468164794005,0.9415730337078647,2.6197757390417875,0.9625468164794005,0.36741573033707947,0.2754509449005127,0.0009551048278808594,5,328,49,4,adult (14),"[44, 13, 20, 8, 45]",,,-1
0,94.33333333333329,set(),94.33333333333329,set(),94.33333333333329,set(),94.33333333333329,set(),284.0,"{3, 5, 6, 8, 9, 43, 46, 18, 31}",284,"{0, 1, 2, 3, 4, 5, 6, 7, 8, 9, 10, 11, 12, 13, 14, 15, 16, 17, 18, 19, 20, 21, 22, 23, 24, 25, 26, 28, 29, 30, 31, 32, 33, 34, 35, 36, 37, 38, 39, 40, 41, 42, 43, 44, 45, 46, 47, 48, 49}",1.0,0.3321596244131454,0.3321596244131454,1.0,0.3321596244131454,0.3321596244131454,0.0011372566223144531,0.001055002212524414,6,328,49,5,adult (14),"[44, 13, 20, 8, 45, 9]",,,-1
2,231.83333333333334,"{9, 5}",184.50000000000003,"{18, 5}",231.83333333333334,"{9, 5}",94.63333333333328,"{41, 7}",284.0,"{3, 5, 6, 8, 9, 43, 46, 18, 31}",284,"{0, 1, 2, 3, 4, 5, 6, 7, 8, 9, 10, 11, 12, 13, 14, 15, 16, 17, 18, 19, 20, 21, 22, 23, 24, 25, 26, 28, 29, 30, 31, 32, 33, 34, 35, 36, 37, 38, 39, 40, 41, 42, 43, 44, 45, 46, 47, 48, 49}",1.2565492321589882,0.8163145539906104,0.6496478873239437,2.449806269813316,0.8163145539906104,0.33321596244131435,0.10864996910095215,0.0012450218200683594,6,328,49,5,adult (14),"[44, 13, 20, 8, 45, 9]",,,-1
4,265.8333333333333,"{8, 9, 5, 46}",244.83333333333331,"{9, 18, 3, 5}",265.8333333333333,"{8, 9, 5, 46}",99.85000000000008,"{48, 41, 1, 7}",284.0,"{3, 5, 6, 8, 9, 43, 46, 18, 31}",284,"{0, 1, 2, 3, 4, 5, 6, 7, 8, 9, 10, 11, 12, 13, 14, 15, 16, 17, 18, 19, 20, 21, 22, 23, 24, 25, 26, 28, 29, 30, 31, 32, 33, 34, 35, 36, 37, 38, 39, 40, 41, 42, 43, 44, 45, 46, 47, 48, 49}",1.0857726344452008,0.9360328638497651,0.8620892018779343,2.662326823568684,0.9360328638497651,0.3515845070422538,0.2076740264892578,0.0011289119720458984,6,328,49,5,adult (14),"[44, 13, 20, 8, 45, 9]",,,-1
6,277.8333333333333,"{3, 5, 8, 9, 46, 31}",272.3333333333333,"{18, 3, 5, 8, 9, 31}",277.8333333333333,"{3, 5, 8, 9, 46, 31}",100.08333333333346,"{1, 7, 41, 14, 15, 17}",284.0,"{3, 5, 6, 8, 9, 43, 46, 18, 31}",284,"{0, 1, 2, 3, 4, 5, 6, 7, 8, 9, 10, 11, 12, 13, 14, 15, 16, 17, 18, 19, 20, 21, 22, 23, 24, 25, 26, 28, 29, 30, 31, 32, 33, 34, 35, 36, 37, 38, 39, 40, 41, 42, 43, 44, 45, 46, 47, 48, 49}",1.0201958384332925,0.9782863849765258,0.9589201877934271,2.776019983347207,0.9782863849765258,0.3524061032863854,0.3021841049194336,0.0010390281677246094,6,328,49,5,adult (14),"[44, 13, 20, 8, 45, 9]",,,-1
0,94.14285714285727,set(),94.14285714285727,set(),94.14285714285727,set(),94.14285714285727,set(),295.0,"{3, 5, 6, 8, 9, 40, 43, 46, 18, 31}",295,"{0, 1, 2, 3, 4, 5, 6, 7, 8, 9, 10, 11, 12, 13, 14, 15, 16, 17, 18, 19, 20, 21, 22, 23, 24, 25, 26, 28, 29, 30, 31, 32, 33, 34, 35, 36, 37, 38, 39, 40, 41, 42, 43, 44, 45, 46, 47, 48, 49}",1.0,0.31912832929782126,0.31912832929782126,1.0,0.31912832929782126,0.31912832929782126,0.0010371208190917969,0.0010857582092285156,7,328,49,6,adult (14),"[44, 13, 20, 8, 45, 9, 22]",,,-1
2,244.8571428571427,"{9, 5}",195.99999999999974,"{18, 5}",244.8571428571427,"{9, 5}",94.40476190476205,"{41, 7}",295.0,"{3, 5, 6, 8, 9, 40, 43, 46, 18, 31}",295,"{0, 1, 2, 3, 4, 5, 6, 7, 8, 9, 10, 11, 12, 13, 14, 15, 16, 17, 18, 19, 20, 21, 22, 23, 24, 25, 26, 28, 29, 30, 31, 32, 33, 34, 35, 36, 37, 38, 39, 40, 41, 42, 43, 44, 45, 46, 47, 48, 49}",1.24927113702624,0.8300242130750599,0.6644067796610161,2.5936948297603974,0.8300242130750599,0.32001614205004086,0.11878418922424316,0.0010972023010253906,7,328,49,6,adult (14),"[44, 13, 20, 8, 45, 9, 22]",,,-1
4,281.7142857142856,"{8, 9, 5, 46}",257.42857142857133,"{9, 18, 3, 5}",281.7142857142856,"{8, 9, 5, 46}",99.72380952380972,"{48, 41, 1, 7}",295.0,"{3, 5, 6, 8, 9, 40, 43, 46, 18, 31}",295,"{0, 1, 2, 3, 4, 5, 6, 7, 8, 9, 10, 11, 12, 13, 14, 15, 16, 17, 18, 19, 20, 21, 22, 23, 24, 25, 26, 28, 29, 30, 31, 32, 33, 34, 35, 36, 37, 38, 39, 40, 41, 42, 43, 44, 45, 46, 47, 48, 49}",1.0943396226415094,0.9549636803874089,0.8726392251815978,2.824945086429179,0.9549636803874089,0.3380468119451177,0.2233409881591797,0.0017080307006835938,7,328,49,6,adult (14),"[44, 13, 20, 8, 45, 9, 22]",,,-1
6,290.8571428571429,"{3, 5, 8, 9, 46, 31}",283.0,"{18, 3, 5, 8, 9, 31}",290.8571428571429,"{3, 5, 8, 9, 46, 31}",100.30000000000015,"{1, 7, 41, 14, 15, 17}",295.0,"{3, 5, 6, 8, 9, 40, 43, 46, 18, 31}",295,"{0, 1, 2, 3, 4, 5, 6, 7, 8, 9, 10, 11, 12, 13, 14, 15, 16, 17, 18, 19, 20, 21, 22, 23, 24, 25, 26, 28, 29, 30, 31, 32, 33, 34, 35, 36, 37, 38, 39, 40, 41, 42, 43, 44, 45, 46, 47, 48, 49}",1.02776375567895,0.9859564164648912,0.9593220338983051,2.8998718131320285,0.9859564164648912,0.3400000000000005,0.33870983123779297,0.0012657642364501953,7,328,49,6,adult (14),"[44, 13, 20, 8, 45, 9, 22]",,,-1
0,96.25,set(),96.25,set(),96.25,set(),96.25,set(),309.0,"{3, 5, 6, 8, 9, 40, 43, 46, 18, 31}",309,"{0, 1, 2, 3, 4, 5, 6, 7, 8, 9, 10, 11, 12, 13, 14, 15, 16, 17, 18, 19, 20, 21, 22, 23, 24, 25, 26, 28, 29, 30, 31, 32, 33, 34, 35, 36, 37, 38, 39, 40, 41, 42, 43, 44, 45, 46, 47, 48, 49}",1.0,0.31148867313915857,0.31148867313915857,1.0,0.31148867313915857,0.31148867313915857,0.0011172294616699219,0.001127004623413086,8,328,49,7,adult (14),"[44, 13, 20, 8, 45, 9, 22, 24]",,,-1
2,266.375,"{8, 9}",206.875,"{18, 5}",266.375,"{8, 9}",96.58928571428574,"{41, 7}",309.0,"{3, 5, 6, 8, 9, 40, 43, 46, 18, 31}",309,"{0, 1, 2, 3, 4, 5, 6, 7, 8, 9, 10, 11, 12, 13, 14, 15, 16, 17, 18, 19, 20, 21, 22, 23, 24, 25, 26, 28, 29, 30, 31, 32, 33, 34, 35, 36, 37, 38, 39, 40, 41, 42, 43, 44, 45, 46, 47, 48, 49}",1.2876132930513595,0.8620550161812298,0.6694983818770227,2.7578110556479936,0.8620550161812298,0.3125866851595008,0.12260580062866211,0.0012340545654296875,8,328,49,7,adult (14),"[44, 13, 20, 8, 45, 9, 22, 24]",,,-1
4,296.5,"{8, 9, 5, 46}",273.75,"{9, 18, 3, 5}",296.5,"{8, 9, 5, 46}",102.47380952380958,"{48, 41, 1, 7}",309.0,"{3, 5, 6, 8, 9, 40, 43, 46, 18, 31}",309,"{0, 1, 2, 3, 4, 5, 6, 7, 8, 9, 10, 11, 12, 13, 14, 15, 16, 17, 18, 19, 20, 21, 22, 23, 24, 25, 26, 28, 29, 30, 31, 32, 33, 34, 35, 36, 37, 38, 39, 40, 41, 42, 43, 44, 45, 46, 47, 48, 49}",1.0831050228310501,0.959546925566343,0.8859223300970874,2.8934222449406337,0.959546925566343,0.33163045153336435,0.24115300178527832,0.001377105712890625,8,328,49,7,adult (14),"[44, 13, 20, 8, 45, 9, 22, 24]",,,-1
6,303.875,"{3, 5, 8, 9, 46, 31}",300.0,"{18, 3, 5, 8, 9, 31}",303.875,"{3, 5, 8, 9, 46, 31}",102.73214285714289,"{1, 7, 41, 14, 15, 17}",309.0,"{3, 5, 6, 8, 9, 40, 43, 46, 18, 31}",309,"{0, 1, 2, 3, 4, 5, 6, 7, 8, 9, 10, 11, 12, 13, 14, 15, 16, 17, 18, 19, 20, 21, 22, 23, 24, 25, 26, 28, 29, 30, 31, 32, 33, 34, 35, 36, 37, 38, 39, 40, 41, 42, 43, 44, 45, 46, 47, 48, 49}",1.0129166666666667,0.9834142394822006,0.970873786407767,2.9579349904397696,0.9834142394822006,0.3324664817383265,0.372647762298584,0.001374959945678711,8,328,49,7,adult (14),"[44, 13, 20, 8, 45, 9, 22, 24]",,,-1
0,98.00000000000011,set(),98.00000000000011,set(),98.00000000000011,set(),98.00000000000011,set(),316.0,"{5, 6, 8, 9, 40, 43, 46, 18, 31}",316,"{0, 1, 2, 3, 4, 5, 6, 7, 8, 9, 10, 11, 12, 13, 14, 15, 16, 17, 18, 19, 20, 21, 22, 23, 24, 25, 26, 28, 29, 30, 31, 32, 33, 34, 35, 36, 37, 38, 39, 40, 41, 42, 43, 44, 45, 46, 47, 48, 49}",1.0,0.3101265822784814,0.3101265822784814,1.0,0.3101265822784814,0.3101265822784814,0.0011980533599853516,0.0012066364288330078,9,328,49,8,adult (14),"[44, 13, 20, 8, 45, 9, 22, 24, 11]",,,-1
2,281.0000000000001,"{8, 9}",216.88888888888926,"{18, 5}",281.0000000000001,"{8, 9}",98.37500000000006,"{41, 7}",316.0,"{5, 6, 8, 9, 40, 43, 46, 18, 31}",316,"{0, 1, 2, 3, 4, 5, 6, 7, 8, 9, 10, 11, 12, 13, 14, 15, 16, 17, 18, 19, 20, 21, 22, 23, 24, 25, 26, 28, 29, 30, 31, 32, 33, 34, 35, 36, 37, 38, 39, 40, 41, 42, 43, 44, 45, 46, 47, 48, 49}",1.2955942622950802,0.8892405063291143,0.6863572433192698,2.856416772554002,0.8892405063291143,0.31131329113924067,0.1303999423980713,0.0013632774353027344,9,328,49,8,adult (14),"[44, 13, 20, 8, 45, 9, 22, 24, 11]",,,-1
4,306.33333333333337,"{8, 9, 5, 31}",282.55555555555566,"{9, 18, 3, 5}",306.33333333333337,"{8, 9, 5, 31}",103.80357142857143,"{48, 41, 1, 7}",316.0,"{5, 6, 8, 9, 40, 43, 46, 18, 31}",316,"{0, 1, 2, 3, 4, 5, 6, 7, 8, 9, 10, 11, 12, 13, 14, 15, 16, 17, 18, 19, 20, 21, 22, 23, 24, 25, 26, 28, 29, 30, 31, 32, 33, 34, 35, 36, 37, 38, 39, 40, 41, 42, 43, 44, 45, 46, 47, 48, 49}",1.0841525756979942,0.969409282700422,0.8941631504922647,2.9510866448764266,0.969409282700422,0.32849231464737794,0.262890100479126,0.00160980224609375,9,328,49,8,adult (14),"[44, 13, 20, 8, 45, 9, 22, 24, 11]",,,-1
6,311.88888888888886,"{5, 6, 8, 9, 43, 31}",309.44444444444446,"{18, 3, 5, 8, 9, 31}",311.88888888888886,"{5, 6, 8, 9, 43, 31}",104.50595238095238,"{1, 7, 41, 14, 15, 17}",316.0,"{5, 6, 8, 9, 40, 43, 46, 18, 31}",316,"{0, 1, 2, 3, 4, 5, 6, 7, 8, 9, 10, 11, 12, 13, 14, 15, 16, 17, 18, 19, 20, 21, 22, 23, 24, 25, 26, 28, 29, 30, 31, 32, 33, 34, 35, 36, 37, 38, 39, 40, 41, 42, 43, 44, 45, 46, 47, 48, 49}",1.007899461400359,0.9869901547116736,0.979254571026723,2.984412674906495,0.9869901547116736,0.33071503918022904,0.3832693099975586,0.0013027191162109375,9,328,49,8,adult (14),"[44, 13, 20, 8, 45, 9, 22, 24, 11]",,,-1
0,96.99999999999999,set(),96.99999999999999,set(),96.99999999999999,set(),96.99999999999999,set(),318.0,"{5, 6, 8, 9, 10, 43, 31}",318,"{0, 1, 2, 3, 4, 5, 6, 7, 8, 9, 10, 11, 12, 13, 14, 15, 16, 17, 18, 19, 20, 21, 22, 23, 24, 25, 26, 28, 29, 30, 31, 32, 33, 34, 35, 36, 37, 38, 39, 40, 41, 42, 43, 44, 45, 46, 47, 48, 49}",1.0,0.30503144654088044,0.30503144654088044,1.0,0.30503144654088044,0.30503144654088044,0.0012831687927246094,0.0012898445129394531,10,328,49,9,adult (14),"[44, 13, 20, 8, 45, 9, 22, 24, 11, 19]",,,-1
2,289.7,"{8, 9}",226.9999999999998,"{18, 5}",289.7,"{8, 9}",97.45555555555558,"{41, 7}",318.0,"{5, 6, 8, 9, 10, 43, 31}",318,"{0, 1, 2, 3, 4, 5, 6, 7, 8, 9, 10, 11, 12, 13, 14, 15, 16, 17, 18, 19, 20, 21, 22, 23, 24, 25, 26, 28, 29, 30, 31, 32, 33, 34, 35, 36, 37, 38, 39, 40, 41, 42, 43, 44, 45, 46, 47, 48, 49}",1.2762114537444944,0.9110062893081761,0.7138364779874208,2.9726370995325495,0.9110062893081761,0.30646401118099237,0.14382386207580566,0.0014181137084960938,10,328,49,9,adult (14),"[44, 13, 20, 8, 45, 9, 22, 24, 11, 19]",,,-1
4,312.99999999999994,"{8, 9, 5, 31}",287.00000000000006,"{9, 18, 3, 5}",312.99999999999994,"{8, 9, 5, 31}",102.98174603174611,"{48, 41, 1, 7}",318.0,"{5, 6, 8, 9, 10, 43, 31}",318,"{0, 1, 2, 3, 4, 5, 6, 7, 8, 9, 10, 11, 12, 13, 14, 15, 16, 17, 18, 19, 20, 21, 22, 23, 24, 25, 26, 28, 29, 30, 31, 32, 33, 34, 35, 36, 37, 38, 39, 40, 41, 42, 43, 44, 45, 46, 47, 48, 49}",1.090592334494773,0.9842767295597482,0.9025157232704404,3.039373598341512,0.9842767295597482,0.3238419686532897,0.35377001762390137,0.001589059829711914,10,328,49,9,adult (14),"[44, 13, 20, 8, 45, 9, 22, 24, 11, 19]",,,-1
6,317.2,"{5, 6, 8, 9, 43, 31}",314.59999999999997,"{18, 3, 5, 8, 9, 31}",317.2,"{5, 6, 8, 9, 43, 31}",103.93333333333345,"{1, 7, 41, 14, 15, 17}",318.0,"{5, 6, 8, 9, 10, 43, 31}",318,"{0, 1, 2, 3, 4, 5, 6, 7, 8, 9, 10, 11, 12, 13, 14, 15, 16, 17, 18, 19, 20, 21, 22, 23, 24, 25, 26, 28, 29, 30, 31, 32, 33, 34, 35, 36, 37, 38, 39, 40, 41, 42, 43, 44, 45, 46, 47, 48, 49}",1.0082644628099173,0.9974842767295597,0.9893081761006288,3.05195638229634,0.9974842767295597,0.3268343815513631,0.46512508392333984,0.0013909339904785156,10,328,49,9,adult (14),"[44, 13, 20, 8, 45, 9, 22, 24, 11, 19]",,,-1
