K,F(Sg+ U Sg-)*,(Sg+ U Sg-)*,F(Sr+ U Sr-)*,(Sr+ U Sr-)*,F(Sg),Sg,F(Sr),Sr,F(Sgfull),Sgfull,F(Srfull),Srfull,F(Sg+ U Sg-)*/F(Sr+ U Sr-)*,F(Sg+ U Sg-)*/F(Sgfull),F(Sr+ U Sr-)*/F(Srfull),F(Sg)/F(Sr),F(Sg)/F(Sgfull),F(Sr)/F(Srfull),budgetGreedyTime,budgetRdmTime,r,n,m,graphid
0,58.866695309003276,set(),58.866695309003276,set(),58.866695309003276,set(),58.866695309003276,set(),173.0,"{3, 5, 8, 9, 46, 18}",173,"{0, 1, 2, 3, 4, 5, 6, 7, 8, 9, 10, 11, 12, 13, 14, 15, 16, 18, 19, 20, 21, 22, 23, 24, 25, 26, 28, 29, 30, 31, 32, 33, 34, 35, 36, 37, 38, 39, 40, 41, 42, 43, 44, 45, 46, 47, 48, 49}",1.0,0.3402699150809438,0.3402699150809438,1.0,0.3402699150809438,0.3402699150809438,0.00113677978515625,0.0013203620910644531,4.0,328,48,0
1,162.76883116883118,{5},84.15007389345797,{18},162.76883116883118,{5},60.49752718595319,{42},173.0,"{3, 5, 8, 9, 46, 18}",173,"{0, 1, 2, 3, 4, 5, 6, 7, 8, 9, 10, 11, 12, 13, 14, 15, 16, 18, 19, 20, 21, 22, 23, 24, 25, 26, 28, 29, 30, 31, 32, 33, 34, 35, 36, 37, 38, 39, 40, 41, 42, 43, 44, 45, 46, 47, 48, 49}",1.9342684282715197,0.9408602957735906,0.48641661210091314,2.690503872472728,0.9408602957735906,0.3496966889361456,0.060463905334472656,0.0011949539184570312,4.0,328,48,0
2,166.63571428571433,"{8, 5}",163.93549783549784,"{18, 5}",166.63571428571433,"{8, 5}",60.49752718595319,"{42, 7}",173.0,"{3, 5, 8, 9, 46, 18}",173,"{0, 1, 2, 3, 4, 5, 6, 7, 8, 9, 10, 11, 12, 13, 14, 15, 16, 18, 19, 20, 21, 22, 23, 24, 25, 26, 28, 29, 30, 31, 32, 33, 34, 35, 36, 37, 38, 39, 40, 41, 42, 43, 44, 45, 46, 47, 48, 49}",1.0164712126773545,0.9632122213047071,0.9476040337312014,2.754421908411575,0.9632122213047071,0.3496966889361456,0.13395977020263672,0.0013341903686523438,4.0,328,48,0
3,169.01904761904763,"{8, 5, 46}",166.03549783549784,"{18, 3, 5}",169.01904761904763,"{8, 5, 46}",61.00331059801292,"{1, 42, 7}",173.0,"{3, 5, 8, 9, 46, 18}",173,"{0, 1, 2, 3, 4, 5, 6, 7, 8, 9, 10, 11, 12, 13, 14, 15, 16, 18, 19, 20, 21, 22, 23, 24, 25, 26, 28, 29, 30, 31, 32, 33, 34, 35, 36, 37, 38, 39, 40, 41, 42, 43, 44, 45, 46, 47, 48, 49}",1.017969348858795,0.9769887145609689,0.9597427620549008,2.770653690138468,0.9769887145609689,0.3526202924740631,0.18069887161254883,0.001461029052734375,4.0,328,48,0
0,57.649710676108576,set(),57.649710676108576,set(),57.649710676108576,set(),57.649710676108576,set(),191.0,"{3, 5, 8, 10, 18}",191,"{0, 1, 2, 3, 4, 5, 6, 7, 8, 9, 10, 11, 12, 13, 14, 15, 16, 17, 18, 19, 20, 21, 22, 23, 24, 25, 26, 28, 29, 30, 31, 32, 33, 34, 35, 36, 37, 38, 39, 40, 41, 42, 43, 44, 45, 46, 47, 48, 49}",1.0,0.3018309459482124,0.3018309459482124,1.0,0.3018309459482124,0.3018309459482124,0.0015249252319335938,0.0017821788787841797,4.5,328,49,1
1,181.07264957264957,{8},106.77237959463466,{18},181.07264957264957,{8},57.68351741517848,{41},191.0,"{3, 5, 8, 10, 18}",191,"{0, 1, 2, 3, 4, 5, 6, 7, 8, 9, 10, 11, 12, 13, 14, 15, 16, 17, 18, 19, 20, 21, 22, 23, 24, 25, 26, 28, 29, 30, 31, 32, 33, 34, 35, 36, 37, 38, 39, 40, 41, 42, 43, 44, 45, 46, 47, 48, 49}",1.6958753776969162,0.9480243433123013,0.5590176942127469,3.1390708765100936,0.9480243433123013,0.3020079445820863,0.08448290824890137,0.0017740726470947266,4.5,328,49,1
2,186.2452380952381,"{8, 5}",182.68784271284275,"{18, 5}",186.2452380952381,"{8, 5}",57.73113646279752,"{41, 7}",191.0,"{3, 5, 8, 10, 18}",191,"{0, 1, 2, 3, 4, 5, 6, 7, 8, 9, 10, 11, 12, 13, 14, 15, 16, 17, 18, 19, 20, 21, 22, 23, 24, 25, 26, 28, 29, 30, 31, 32, 33, 34, 35, 36, 37, 38, 39, 40, 41, 42, 43, 44, 45, 46, 47, 48, 49}",1.0194725348417795,0.9751059586138121,0.9564808518997002,3.2260795388162204,0.9751059586138121,0.3022572589675263,0.16112804412841797,0.0018417835235595703,4.5,328,49,1
3,188.8166666666667,"{8, 18, 5}",184.93784271284272,"{18, 3, 5}",188.8166666666667,"{8, 18, 5}",58.6041098891352,"{41, 1, 7}",191.0,"{3, 5, 8, 10, 18}",191,"{0, 1, 2, 3, 4, 5, 6, 7, 8, 9, 10, 11, 12, 13, 14, 15, 16, 17, 18, 19, 20, 21, 22, 23, 24, 25, 26, 28, 29, 30, 31, 32, 33, 34, 35, 36, 37, 38, 39, 40, 41, 42, 43, 44, 45, 46, 47, 48, 49}",1.020973662809762,0.9885689354275743,0.968260956611742,3.2219014506638213,0.9885689354275743,0.30682780046667646,0.27092790603637695,0.0032019615173339844,4.5,328,49,1
0,56.69964644510892,set(),56.69964644510892,set(),56.69964644510892,set(),56.69964644510892,set(),204.0,"{3, 5, 8, 10, 43}",204,"{0, 1, 2, 3, 4, 5, 6, 7, 8, 9, 10, 11, 12, 13, 14, 15, 16, 17, 18, 19, 20, 21, 22, 23, 24, 25, 26, 28, 29, 30, 31, 32, 33, 34, 35, 36, 37, 38, 39, 40, 41, 42, 43, 44, 45, 46, 47, 48, 49}",1.0,0.27793944335837706,0.27793944335837706,1.0,0.27793944335837706,0.27793944335837706,0.003918170928955078,0.0022199153900146484,5.0,328,49,2
1,199.3409090909091,{5},137.0382735774285,{18},199.3409090909091,{5},56.861370031982034,{41},204.0,"{3, 5, 8, 10, 43}",204,"{0, 1, 2, 3, 4, 5, 6, 7, 8, 9, 10, 11, 12, 13, 14, 15, 16, 17, 18, 19, 20, 21, 22, 23, 24, 25, 26, 28, 29, 30, 31, 32, 33, 34, 35, 36, 37, 38, 39, 40, 41, 42, 43, 44, 45, 46, 47, 48, 49}",1.4546367513764595,0.9771613190730838,0.6717562430266103,3.505735246596917,0.9771613190730838,0.27873220603912763,0.13051915168762207,0.0019278526306152344,5.0,328,49,2
2,201.78333333333333,"{8, 5}",199.5909090909091,"{18, 5}",201.78333333333333,"{8, 5}",57.00765854738819,"{41, 7}",204.0,"{3, 5, 8, 10, 43}",204,"{0, 1, 2, 3, 4, 5, 6, 7, 8, 9, 10, 11, 12, 13, 14, 15, 16, 17, 18, 19, 20, 21, 22, 23, 24, 25, 26, 28, 29, 30, 31, 32, 33, 34, 35, 36, 37, 38, 39, 40, 41, 42, 43, 44, 45, 46, 47, 48, 49}",1.0109845896910348,0.9891339869281046,0.9783868092691622,3.5395828994730403,0.9891339869281046,0.27944930660484407,0.20166492462158203,0.002753019332885742,5.0,328,49,2
3,203.08333333333334,"{8, 3, 5}",201.69090909090912,"{18, 3, 5}",203.08333333333334,"{8, 3, 5}",58.024580260972925,"{41, 1, 7}",204.0,"{3, 5, 8, 10, 43}",204,"{0, 1, 2, 3, 4, 5, 6, 7, 8, 9, 10, 11, 12, 13, 14, 15, 16, 17, 18, 19, 20, 21, 22, 23, 24, 25, 26, 28, 29, 30, 31, 32, 33, 34, 35, 36, 37, 38, 39, 40, 41, 42, 43, 44, 45, 46, 47, 48, 49}",1.0069037531175815,0.9955065359477124,0.9886809269162211,3.4999535097012378,0.9955065359477124,0.28443421696555354,0.30675816535949707,0.0020389556884765625,5.0,328,49,2
0,55.36852718325822,set(),55.36852718325822,set(),55.36852718325822,set(),55.36852718325822,set(),211.0,"{10, 3, 5, 6}",211,"{0, 1, 2, 3, 4, 5, 6, 7, 8, 9, 10, 11, 12, 13, 14, 15, 16, 17, 18, 19, 20, 21, 22, 23, 24, 25, 26, 28, 29, 30, 31, 32, 33, 34, 35, 36, 37, 38, 39, 40, 41, 42, 43, 44, 45, 46, 47, 48, 49}",1.0,0.26241008143724276,0.26241008143724276,1.0,0.26241008143724276,0.26241008143724276,0.002270936965942383,0.002546072006225586,5.5,328,49,3
1,207.54166666666669,{5},159.22695326292077,{18},207.54166666666669,{5},55.63389521611164,{41},211.0,"{10, 3, 5, 6}",211,"{0, 1, 2, 3, 4, 5, 6, 7, 8, 9, 10, 11, 12, 13, 14, 15, 16, 17, 18, 19, 20, 21, 22, 23, 24, 25, 26, 28, 29, 30, 31, 32, 33, 34, 35, 36, 37, 38, 39, 40, 41, 42, 43, 44, 45, 46, 47, 48, 49}",1.3034330081287624,0.9836097946287521,0.7546301102508094,3.7304895848199098,0.9836097946287521,0.2636677498393917,0.12330293655395508,0.002299785614013672,5.5,328,49,3
2,209.75,"{3, 5}",208.04166666666669,"{18, 5}",209.75,"{3, 5}",55.789508618621504,"{41, 7}",211.0,"{10, 3, 5, 6}",211,"{0, 1, 2, 3, 4, 5, 6, 7, 8, 9, 10, 11, 12, 13, 14, 15, 16, 17, 18, 19, 20, 21, 22, 23, 24, 25, 26, 28, 29, 30, 31, 32, 33, 34, 35, 36, 37, 38, 39, 40, 41, 42, 43, 44, 45, 46, 47, 48, 49}",1.0082114960945323,0.9940758293838863,0.9859794628751976,3.7596674570815156,0.9940758293838863,0.2644052541166896,0.23686814308166504,0.003679990768432617,5.5,328,49,3
3,210.5,"{3, 5, 6}",210.25,"{18, 3, 5}",210.5,"{3, 5, 6}",56.89688599507477,"{41, 1, 7}",211.0,"{10, 3, 5, 6}",211,"{0, 1, 2, 3, 4, 5, 6, 7, 8, 9, 10, 11, 12, 13, 14, 15, 16, 17, 18, 19, 20, 21, 22, 23, 24, 25, 26, 28, 29, 30, 31, 32, 33, 34, 35, 36, 37, 38, 39, 40, 41, 42, 43, 44, 45, 46, 47, 48, 49}",1.0011890606420928,0.9976303317535545,0.9964454976303317,3.6996752338646752,0.9976303317535545,0.26965348812831647,0.37801599502563477,0.002526998519897461,5.5,328,49,3
0,55.53235444780803,set(),55.53235444780803,set(),55.53235444780803,set(),55.53235444780803,set(),215.0,"{8, 3, 5}",215,"{0, 1, 2, 3, 4, 5, 6, 7, 8, 9, 10, 11, 12, 13, 14, 15, 16, 17, 18, 19, 20, 21, 22, 23, 24, 25, 26, 28, 29, 30, 31, 32, 33, 34, 35, 36, 37, 38, 39, 40, 41, 42, 43, 44, 45, 46, 47, 48, 49}",1.0,0.2582900206874792,0.2582900206874792,1.0,0.2582900206874792,0.2582900206874792,0.0024530887603759766,0.0025148391723632812,6.0,328,49,4
1,211.96666666666667,{8},175.08148596487717,{18},211.96666666666664,{8},55.93622861414599,{41},215.0,"{8, 3, 5}",215,"{0, 1, 2, 3, 4, 5, 6, 7, 8, 9, 10, 11, 12, 13, 14, 15, 16, 17, 18, 19, 20, 21, 22, 23, 24, 25, 26, 28, 29, 30, 31, 32, 33, 34, 35, 36, 37, 38, 39, 40, 41, 42, 43, 44, 45, 46, 47, 48, 49}",1.2106743639883715,0.9858914728682171,0.8143324928598938,3.7894343597748623,0.9858914728682169,0.26016850518207435,0.13588595390319824,0.0026679039001464844,6.0,328,49,4
2,214.44444444444446,"{8, 3}",211.71746031746034,"{18, 5}",214.44444444444446,"{8, 3}",56.089625017081836,"{41, 7}",215.0,"{8, 3, 5}",215,"{0, 1, 2, 3, 4, 5, 6, 7, 8, 9, 10, 11, 12, 13, 14, 15, 16, 17, 18, 19, 20, 21, 22, 23, 24, 25, 26, 28, 29, 30, 31, 32, 33, 34, 35, 36, 37, 38, 39, 40, 41, 42, 43, 44, 45, 46, 47, 48, 49}",1.0128802986909777,0.9974160206718347,0.984732373569583,3.8232461775085214,0.9974160206718347,0.26088197682363645,0.28602099418640137,0.0028820037841796875,6.0,328,49,4
3,215.0,"{8, 3, 5}",214.16666666666669,"{18, 3, 5}",215.0,"{8, 3, 5}",57.22753830861663,"{41, 1, 7}",215.0,"{8, 3, 5}",215,"{0, 1, 2, 3, 4, 5, 6, 7, 8, 9, 10, 11, 12, 13, 14, 15, 16, 17, 18, 19, 20, 21, 22, 23, 24, 25, 26, 28, 29, 30, 31, 32, 33, 34, 35, 36, 37, 38, 39, 40, 41, 42, 43, 44, 45, 46, 47, 48, 49}",1.0038910505836576,1.0,0.996124031007752,3.756932525046738,1.0,0.2661745967842634,0.39884519577026367,0.003019094467163086,6.0,328,49,4
0,56.490617912129174,set(),56.490617912129174,set(),56.490617912129174,set(),56.490617912129174,set(),217.0,{8},217,"{0, 1, 2, 3, 4, 5, 6, 7, 8, 9, 10, 11, 12, 13, 14, 15, 16, 17, 18, 19, 20, 21, 22, 23, 24, 25, 26, 28, 29, 30, 31, 32, 33, 34, 35, 36, 37, 38, 39, 40, 41, 42, 43, 44, 45, 46, 47, 48, 49}",1.0,0.2603254281664939,0.2603254281664939,1.0,0.2603254281664939,0.2603254281664939,0.005098104476928711,0.005055904388427734,6.5,328,49,5
1,217.0,{8},190.3386126878361,{18},217.0,{8},57.13827860932191,{41},217.0,{8},217,"{0, 1, 2, 3, 4, 5, 6, 7, 8, 9, 10, 11, 12, 13, 14, 15, 16, 17, 18, 19, 20, 21, 22, 23, 24, 25, 26, 28, 29, 30, 31, 32, 33, 34, 35, 36, 37, 38, 39, 40, 41, 42, 43, 44, 45, 46, 47, 48, 49}",1.140073456119436,1.0,0.8771364639992447,3.7978042965508103,1.0,0.2633100396742945,0.16681408882141113,0.0027990341186523438,6.5,328,49,5
2,217.0,{8},215.13492063492063,"{18, 5}",217.0,{8},57.37347240044229,"{41, 7}",217.0,{8},217,"{0, 1, 2, 3, 4, 5, 6, 7, 8, 9, 10, 11, 12, 13, 14, 15, 16, 17, 18, 19, 20, 21, 22, 23, 24, 25, 26, 28, 29, 30, 31, 32, 33, 34, 35, 36, 37, 38, 39, 40, 41, 42, 43, 44, 45, 46, 47, 48, 49}",1.0086693474010404,1.0,0.9914051642162242,3.7822357776331343,1.0,0.26439388202968794,0.302844762802124,0.002813100814819336,6.5,328,49,5
3,217.0,{8},216.35714285714286,"{18, 3, 5}",217.0,{8},58.556911171479975,"{41, 1, 7}",217.0,{8},217,"{0, 1, 2, 3, 4, 5, 6, 7, 8, 9, 10, 11, 12, 13, 14, 15, 16, 17, 18, 19, 20, 21, 22, 23, 24, 25, 26, 28, 29, 30, 31, 32, 33, 34, 35, 36, 37, 38, 39, 40, 41, 42, 43, 44, 45, 46, 47, 48, 49}",1.0029712776493893,1.0,0.9970375246872943,3.7057965602818443,1.0,0.26984751691926256,0.2749481201171875,0.002882719039916992,6.5,328,49,5
0,54.93547481894973,set(),54.93547481894973,set(),54.93547481894973,set(),54.93547481894973,set(),219.0,"{5, 46}",219,"{0, 1, 2, 3, 4, 5, 6, 7, 8, 9, 10, 11, 12, 13, 14, 15, 16, 17, 18, 19, 20, 21, 22, 23, 24, 25, 26, 28, 29, 30, 31, 32, 33, 34, 35, 36, 37, 38, 39, 40, 41, 42, 43, 44, 45, 46, 47, 48, 49}",1.0,0.25084691698150563,0.25084691698150563,1.0,0.25084691698150563,0.25084691698150563,0.0027170181274414062,0.002889871597290039,7.0,328,49,6
1,218.125,{5},202.29669133701725,{18},218.125,{5},55.849306693034755,{41},219.0,"{5, 46}",219,"{0, 1, 2, 3, 4, 5, 6, 7, 8, 9, 10, 11, 12, 13, 14, 15, 16, 17, 18, 19, 20, 21, 22, 23, 24, 25, 26, 28, 29, 30, 31, 32, 33, 34, 35, 36, 37, 38, 39, 40, 41, 42, 43, 44, 45, 46, 47, 48, 49}",1.078243042722896,0.9960045662100456,0.9237291841872933,3.905599064978249,0.9960045662100456,0.25501966526499886,0.1497938632965088,0.003210783004760742,7.0,328,49,6
2,219.0,"{5, 46}",218.125,"{18, 5}",219.0,"{5, 46}",56.3144241657325,"{41, 7}",219.0,"{5, 46}",219,"{0, 1, 2, 3, 4, 5, 6, 7, 8, 9, 10, 11, 12, 13, 14, 15, 16, 17, 18, 19, 20, 21, 22, 23, 24, 25, 26, 28, 29, 30, 31, 32, 33, 34, 35, 36, 37, 38, 39, 40, 41, 42, 43, 44, 45, 46, 47, 48, 49}",1.0040114613180515,1.0,0.9960045662100456,3.8888793278874045,1.0,0.25714348934124426,0.2893991470336914,0.002887725830078125,7.0,328,49,6
3,219.0,"{5, 46}",218.125,"{18, 5, 14}",219.0,"{5, 46}",57.48853655430693,"{41, 1, 7}",219.0,"{5, 46}",219,"{0, 1, 2, 3, 4, 5, 6, 7, 8, 9, 10, 11, 12, 13, 14, 15, 16, 17, 18, 19, 20, 21, 22, 23, 24, 25, 26, 28, 29, 30, 31, 32, 33, 34, 35, 36, 37, 38, 39, 40, 41, 42, 43, 44, 45, 46, 47, 48, 49}",1.0040114613180515,1.0,0.9960045662100456,3.809455121424428,1.0,0.2625047331246892,0.4315791130065918,0.0031270980834960938,7.0,328,49,6
0,54.899159508061736,set(),54.899159508061736,set(),54.899159508061736,set(),54.899159508061736,set(),220.0,"{11, 5}",220,"{0, 1, 2, 3, 4, 5, 6, 7, 8, 9, 10, 11, 12, 13, 14, 15, 16, 17, 18, 19, 20, 21, 22, 23, 24, 25, 26, 28, 29, 30, 31, 32, 33, 34, 35, 36, 37, 38, 39, 40, 41, 42, 43, 44, 45, 46, 47, 48, 49}",1.0,0.24954163412755334,0.24954163412755334,1.0,0.24954163412755334,0.24954163412755334,0.0028760433197021484,0.002919912338256836,7.5,328,49,7
1,219.33333333333331,{5},212.59078282828284,{18},219.33333333333331,{5},55.922281706370576,{41},220.0,"{11, 5}",220,"{0, 1, 2, 3, 4, 5, 6, 7, 8, 9, 10, 11, 12, 13, 14, 15, 16, 17, 18, 19, 20, 21, 22, 23, 24, 25, 26, 28, 29, 30, 31, 32, 33, 34, 35, 36, 37, 38, 39, 40, 41, 42, 43, 44, 45, 46, 47, 48, 49}",1.0317160998955288,0.9969696969696968,0.9663217401285583,3.922109875362028,0.9969696969696968,0.2541921895744117,0.1497809886932373,0.0048370361328125,7.5,328,49,7
2,220.0,"{11, 5}",219.33333333333331,"{18, 5}",220.0,"{11, 5}",56.67059129392062,"{41, 7}",220.0,"{11, 5}",220,"{0, 1, 2, 3, 4, 5, 6, 7, 8, 9, 10, 11, 12, 13, 14, 15, 16, 17, 18, 19, 20, 21, 22, 23, 24, 25, 26, 28, 29, 30, 31, 32, 33, 34, 35, 36, 37, 38, 39, 40, 41, 42, 43, 44, 45, 46, 47, 48, 49}",1.0030395136778116,1.0,0.9969696969696968,3.882084075300634,1.0,0.2575935967905483,0.30064892768859863,0.002975940704345703,7.5,328,49,7
3,220.0,"{11, 5}",219.33333333333331,"{18, 5, 14}",220.0,"{11, 5}",57.883679739485636,"{41, 1, 7}",220.0,"{11, 5}",220,"{0, 1, 2, 3, 4, 5, 6, 7, 8, 9, 10, 11, 12, 13, 14, 15, 16, 17, 18, 19, 20, 21, 22, 23, 24, 25, 26, 28, 29, 30, 31, 32, 33, 34, 35, 36, 37, 38, 39, 40, 41, 42, 43, 44, 45, 46, 47, 48, 49}",1.0030395136778116,1.0,0.9969696969696968,3.8007258866427236,1.0,0.26310763517948016,0.4827709197998047,0.0032088756561279297,7.5,328,49,7
0,54.33963386614032,set(),54.33963386614032,set(),54.33963386614032,set(),54.33963386614032,set(),220.0,{5},220,"{0, 1, 2, 3, 4, 5, 6, 7, 8, 9, 10, 11, 12, 13, 14, 15, 16, 17, 18, 19, 20, 21, 22, 23, 24, 25, 26, 28, 29, 30, 31, 32, 33, 34, 35, 36, 37, 38, 39, 40, 41, 42, 43, 44, 45, 46, 47, 48, 49}",1.0,0.24699833575518326,0.24699833575518326,1.0,0.24699833575518326,0.24699833575518326,0.0029680728912353516,0.004661083221435547,8.0,328,49,8
1,220.0,{5},217.76190476190476,{18},220.0,{5},55.3985705397921,{41},220.0,{5},220,"{0, 1, 2, 3, 4, 5, 6, 7, 8, 9, 10, 11, 12, 13, 14, 15, 16, 17, 18, 19, 20, 21, 22, 23, 24, 25, 26, 28, 29, 30, 31, 32, 33, 34, 35, 36, 37, 38, 39, 40, 41, 42, 43, 44, 45, 46, 47, 48, 49}",1.0102777170347692,1.0,0.9898268398268398,3.971221601141798,1.0,0.25181168427178224,0.1562659740447998,0.0030291080474853516,8.0,328,49,8
2,220.0,{5},220.0,"{18, 5}",220.0,{5},56.35696279571174,"{41, 7}",220.0,{5},220,"{0, 1, 2, 3, 4, 5, 6, 7, 8, 9, 10, 11, 12, 13, 14, 15, 16, 17, 18, 19, 20, 21, 22, 23, 24, 25, 26, 28, 29, 30, 31, 32, 33, 34, 35, 36, 37, 38, 39, 40, 41, 42, 43, 44, 45, 46, 47, 48, 49}",1.0,1.0,1.0,3.903688010964637,1.0,0.2561680127077806,0.31429409980773926,0.003020048141479492,8.0,328,49,8
3,220.0,{5},220.0,"{18, 5, 14}",220.0,{5},57.5852938374809,"{41, 1, 7}",220.0,{5},220,"{0, 1, 2, 3, 4, 5, 6, 7, 8, 9, 10, 11, 12, 13, 14, 15, 16, 17, 18, 19, 20, 21, 22, 23, 24, 25, 26, 28, 29, 30, 31, 32, 33, 34, 35, 36, 37, 38, 39, 40, 41, 42, 43, 44, 45, 46, 47, 48, 49}",1.0,1.0,1.0,3.820419856168334,1.0,0.26175133562491315,0.3355720043182373,0.0032579898834228516,8.0,328,49,8
0,54.147722894728005,set(),54.147722894728005,set(),54.147722894728005,set(),54.147722894728005,set(),220.0,{5},220,"{0, 1, 2, 3, 4, 5, 6, 7, 8, 9, 10, 11, 12, 13, 14, 15, 16, 17, 18, 19, 20, 21, 22, 23, 24, 25, 26, 28, 29, 30, 31, 32, 33, 34, 35, 36, 37, 38, 39, 40, 41, 42, 43, 44, 45, 46, 47, 48, 49}",1.0,0.24612601315785457,0.24612601315785457,1.0,0.24612601315785457,0.24612601315785457,0.0030410289764404297,0.004420280456542969,8.5,328,49,9
1,220.0,{5},219.2391304347826,{18},220.0,{5},55.26576783086454,{41},220.0,{5},220,"{0, 1, 2, 3, 4, 5, 6, 7, 8, 9, 10, 11, 12, 13, 14, 15, 16, 17, 18, 19, 20, 21, 22, 23, 24, 25, 26, 28, 29, 30, 31, 32, 33, 34, 35, 36, 37, 38, 39, 40, 41, 42, 43, 44, 45, 46, 47, 48, 49}",1.0034705007436788,1.0,0.9965415019762845,3.9807643797384378,1.0,0.25120803559483884,0.16764283180236816,0.003184080123901367,8.5,328,49,9
2,220.0,{5},220.0,"{18, 5}",220.0,{5},56.2928312495101,"{41, 7}",220.0,{5},220,"{0, 1, 2, 3, 4, 5, 6, 7, 8, 9, 10, 11, 12, 13, 14, 15, 16, 17, 18, 19, 20, 21, 22, 23, 24, 25, 26, 28, 29, 30, 31, 32, 33, 34, 35, 36, 37, 38, 39, 40, 41, 42, 43, 44, 45, 46, 47, 48, 49}",1.0,1.0,1.0,3.9081352832455836,1.0,0.25587650567959136,0.326962947845459,0.0032138824462890625,8.5,328,49,9
3,220.0,{5},220.0,"{18, 5, 14}",220.0,{5},57.5122933436633,"{41, 1, 7}",220.0,{5},220,"{0, 1, 2, 3, 4, 5, 6, 7, 8, 9, 10, 11, 12, 13, 14, 15, 16, 17, 18, 19, 20, 21, 22, 23, 24, 25, 26, 28, 29, 30, 31, 32, 33, 34, 35, 36, 37, 38, 39, 40, 41, 42, 43, 44, 45, 46, 47, 48, 49}",1.0,1.0,1.0,3.8252691243834667,1.0,0.26141951519846957,0.3474869728088379,0.0037958621978759766,8.5,328,49,9
0,53.96428057501153,set(),53.96428057501153,set(),53.96428057501153,set(),53.96428057501153,set(),220.0,{3},220,"{0, 1, 2, 3, 4, 5, 6, 7, 8, 9, 10, 11, 12, 13, 14, 15, 16, 17, 18, 19, 20, 21, 22, 23, 24, 25, 26, 28, 29, 30, 31, 32, 33, 34, 35, 36, 37, 38, 39, 40, 41, 42, 43, 44, 45, 46, 47, 48, 49}",1.0,0.2452921844318706,0.2452921844318706,1.0,0.2452921844318706,0.2452921844318706,0.002846240997314453,0.0030188560485839844,9.0,328,49,10
1,220.0,{3},219.2340425531915,{18},220.0,{3},55.08001336211328,{41},220.0,{3},220,"{0, 1, 2, 3, 4, 5, 6, 7, 8, 9, 10, 11, 12, 13, 14, 15, 16, 17, 18, 19, 20, 21, 22, 23, 24, 25, 26, 28, 29, 30, 31, 32, 33, 34, 35, 36, 37, 38, 39, 40, 41, 42, 43, 44, 45, 46, 47, 48, 49}",1.0034937888198758,1.0,0.9965183752417796,3.994189299731121,1.0,0.25036369710051487,0.15860891342163086,0.002996206283569336,9.0,328,49,10
2,220.0,{3},220.0,"{18, 5}",220.0,{3},56.17091170726725,"{41, 7}",220.0,{3},220,"{0, 1, 2, 3, 4, 5, 6, 7, 8, 9, 10, 11, 12, 13, 14, 15, 16, 17, 18, 19, 20, 21, 22, 23, 24, 25, 26, 28, 29, 30, 31, 32, 33, 34, 35, 36, 37, 38, 39, 40, 41, 42, 43, 44, 45, 46, 47, 48, 49}",1.0,1.0,1.0,3.9166179311192657,1.0,0.2553223259421239,0.31236886978149414,0.0038299560546875,9.0,328,49,10
3,220.0,{3},220.0,"{18, 5, 14}",220.0,{3},57.393017127799624,"{41, 1, 7}",220.0,{3},220,"{0, 1, 2, 3, 4, 5, 6, 7, 8, 9, 10, 11, 12, 13, 14, 15, 16, 17, 18, 19, 20, 21, 22, 23, 24, 25, 26, 28, 29, 30, 31, 32, 33, 34, 35, 36, 37, 38, 39, 40, 41, 42, 43, 44, 45, 46, 47, 48, 49}",1.0,1.0,1.0,3.8332189351557537,1.0,0.2608773505809074,0.31512999534606934,0.003186941146850586,9.0,328,49,10
0,53.89796822984529,set(),53.89796822984529,set(),53.89796822984529,set(),53.89796822984529,set(),220.0,{3},220,"{0, 1, 2, 3, 4, 5, 6, 7, 8, 9, 10, 11, 12, 13, 14, 15, 16, 17, 18, 19, 20, 21, 22, 23, 24, 25, 26, 28, 29, 30, 31, 32, 33, 34, 35, 36, 37, 38, 39, 40, 41, 42, 43, 44, 45, 46, 47, 48, 49}",1.0,0.24499076468111494,0.24499076468111494,1.0,0.24499076468111494,0.24499076468111494,0.0029146671295166016,0.0030701160430908203,9.5,328,49,11
1,220.0,{3},219.22916666666666,{18},220.0,{3},55.016188714153564,{41},220.0,{3},220,"{0, 1, 2, 3, 4, 5, 6, 7, 8, 9, 10, 11, 12, 13, 14, 15, 16, 17, 18, 19, 20, 21, 22, 23, 24, 25, 26, 28, 29, 30, 31, 32, 33, 34, 35, 36, 37, 38, 39, 40, 41, 42, 43, 44, 45, 46, 47, 48, 49}",1.0035161075738859,1.0,0.9964962121212121,3.998822985413426,1.0,0.25007358506433436,0.15859699249267578,0.002964019775390625,9.5,328,49,11
2,220.0,{3},220.0,"{18, 5}",220.0,{3},56.159574468085424,"{41, 7}",220.0,{3},220,"{0, 1, 2, 3, 4, 5, 6, 7, 8, 9, 10, 11, 12, 13, 14, 15, 16, 17, 18, 19, 20, 21, 22, 23, 24, 25, 26, 28, 29, 30, 31, 32, 33, 34, 35, 36, 37, 38, 39, 40, 41, 42, 43, 44, 45, 46, 47, 48, 49}",1.0,1.0,1.0,3.9174086001136357,1.0,0.25527079303675193,0.30731797218322754,0.0031099319458007812,9.5,328,49,11
3,220.0,{3},220.0,"{18, 5, 14}",220.0,{3},57.380676328502304,"{41, 1, 7}",220.0,{3},220,"{0, 1, 2, 3, 4, 5, 6, 7, 8, 9, 10, 11, 12, 13, 14, 15, 16, 17, 18, 19, 20, 21, 22, 23, 24, 25, 26, 28, 29, 30, 31, 32, 33, 34, 35, 36, 37, 38, 39, 40, 41, 42, 43, 44, 45, 46, 47, 48, 49}",1.0,1.0,1.0,3.8340433413595183,1.0,0.2608212560386468,0.3093891143798828,0.003242015838623047,9.5,328,49,11
0,53.88775510204098,set(),53.88775510204098,set(),53.88775510204098,set(),53.88775510204098,set(),220.0,{3},220,"{0, 1, 2, 3, 4, 5, 6, 7, 8, 9, 10, 11, 12, 13, 14, 15, 16, 17, 18, 19, 20, 21, 22, 23, 24, 25, 26, 28, 29, 30, 31, 32, 33, 34, 35, 36, 37, 38, 39, 40, 41, 42, 43, 44, 45, 46, 47, 48, 49}",1.0,0.24494434137291354,0.24494434137291354,1.0,0.24494434137291354,0.24494434137291354,0.0031540393829345703,0.003007173538208008,10.0,328,49,12
1,220.0,{3},220.0,{18},220.0,{3},55.01063829787234,{41},220.0,{3},220,"{0, 1, 2, 3, 4, 5, 6, 7, 8, 9, 10, 11, 12, 13, 14, 15, 16, 17, 18, 19, 20, 21, 22, 23, 24, 25, 26, 28, 29, 30, 31, 32, 33, 34, 35, 36, 37, 38, 39, 40, 41, 42, 43, 44, 45, 46, 47, 48, 49}",1.0,1.0,1.0,3.9992264552310965,1.0,0.2500483558994197,0.15922975540161133,0.003015279769897461,10.0,328,49,12
2,220.0,{3},220.0,"{18, 14}",220.0,{3},56.17576318223899,"{41, 7}",220.0,{3},220,"{0, 1, 2, 3, 4, 5, 6, 7, 8, 9, 10, 11, 12, 13, 14, 15, 16, 17, 18, 19, 20, 21, 22, 23, 24, 25, 26, 28, 29, 30, 31, 32, 33, 34, 35, 36, 37, 38, 39, 40, 41, 42, 43, 44, 45, 46, 47, 48, 49}",1.0,1.0,1.0,3.9162796825082937,1.0,0.2553443781010863,0.328646183013916,0.003197908401489258,10.0,328,49,12
3,220.0,{3},220.0,"{1, 18, 14}",220.0,{3},57.39710144927525,"{41, 1, 7}",220.0,{3},220,"{0, 1, 2, 3, 4, 5, 6, 7, 8, 9, 10, 11, 12, 13, 14, 15, 16, 17, 18, 19, 20, 21, 22, 23, 24, 25, 26, 28, 29, 30, 31, 32, 33, 34, 35, 36, 37, 38, 39, 40, 41, 42, 43, 44, 45, 46, 47, 48, 49}",1.0,1.0,1.0,3.8329461670538407,1.0,0.2608959156785238,0.3063838481903076,0.003161191940307617,10.0,328,49,12
