K,B,Sg,Sg_lbls,F(Sg),Sgb,Sgb_lbls,F(Sgb)b4B,F(Sgb),Boostedgb,usedBbudgetgb,Sbg,Sbg_lbls,F(Sbg)b4B,F(Sbg),Boostedbg,usedBbudgetbg,kmax,n,m,greedyTime,greedyBoostTime,boostGreedyTime,dataset,graphid
1,4,set(),{},77.0,set(),{},77.0,81.0,"[0, 4, 5, 9]",4,set(),{},77.0,81.0,"[0, 4, 5, 9]",4,1,112,32,0.022017955780029297,0.014868974685668945,0.011049032211303711,productivity (11),0
1,3,set(),{},77.0,set(),{},77.0,80.0,"[0, 4, 5]",3,set(),{},77.0,80.0,"[0, 4, 5]",3,1,112,32,0.013480901718139648,0.012017011642456055,0.011436939239501953,productivity (11),0
1,2,set(),{},77.0,set(),{},77.0,79.0,"[0, 4]",2,set(),{},77.0,79.0,"[0, 4]",2,1,112,32,0.011741161346435547,0.012430191040039062,0.013570070266723633,productivity (11),0
1,1,set(),{},77.0,set(),{},77.0,78.0,[0],1,set(),{},77.0,78.0,[0],1,1,112,32,0.012681007385253906,0.012851953506469727,0.014453887939453125,productivity (11),0
1,0,set(),{},77.0,set(),{},77.0,77.0,[],0,set(),{},77.0,77.0,[],0,1,112,32,0.012529134750366211,0.011857748031616211,0.012228727340698242,productivity (11),0
2,4,set(),{},77.0,set(),{},77.0,81.0,"[0, 4, 5, 9]",4,set(),{},77.0,81.0,"[0, 4, 5, 9]",4,1,112,32,0.011652708053588867,0.013187170028686523,0.012508869171142578,productivity (11),0
2,3,set(),{},77.0,set(),{},77.0,80.0,"[0, 4, 5]",3,set(),{},77.0,80.0,"[0, 4, 5]",3,1,112,32,0.011929035186767578,0.012330055236816406,0.011540889739990234,productivity (11),0
2,2,set(),{},77.0,set(),{},77.0,79.0,"[0, 4]",2,set(),{},77.0,79.0,"[0, 4]",2,1,112,32,0.011971235275268555,0.012778997421264648,0.011963844299316406,productivity (11),0
2,1,set(),{},77.0,set(),{},77.0,78.0,[0],1,set(),{},77.0,78.0,[0],1,1,112,32,0.010930061340332031,0.013319969177246094,0.013508081436157227,productivity (11),0
2,0,set(),{},77.0,set(),{},77.0,77.0,[],0,set(),{},77.0,77.0,[],0,1,112,32,0.013846158981323242,0.012833118438720703,0.011909008026123047,productivity (11),0
3,4,set(),{},77.0,set(),{},77.0,81.0,"[0, 4, 5, 9]",4,set(),{},77.0,81.0,"[0, 4, 5, 9]",4,1,112,32,0.014209985733032227,0.013041257858276367,0.011492252349853516,productivity (11),0
3,3,set(),{},77.0,set(),{},77.0,80.0,"[0, 4, 5]",3,set(),{},77.0,80.0,"[0, 4, 5]",3,1,112,32,0.011362075805664062,0.01556706428527832,0.01920771598815918,productivity (11),0
3,2,set(),{},77.0,set(),{},77.0,79.0,"[0, 4]",2,set(),{},77.0,79.0,"[0, 4]",2,1,112,32,0.015168905258178711,0.014667987823486328,0.01340484619140625,productivity (11),0
3,1,set(),{},77.0,set(),{},77.0,78.0,[0],1,set(),{},77.0,78.0,[0],1,1,112,32,0.013104915618896484,0.015018224716186523,0.0142059326171875,productivity (11),0
3,0,set(),{},77.0,set(),{},77.0,77.0,[],0,set(),{},77.0,77.0,[],0,1,112,32,0.012532949447631836,0.012075185775756836,0.011548995971679688,productivity (11),0
4,4,set(),{},77.0,set(),{},77.0,81.0,"[0, 4, 5, 9]",4,set(),{},77.0,81.0,"[0, 4, 5, 9]",4,1,112,32,0.014093160629272461,0.011171817779541016,0.01045083999633789,productivity (11),0
4,3,set(),{},77.0,set(),{},77.0,80.0,"[0, 4, 5]",3,set(),{},77.0,80.0,"[0, 4, 5]",3,1,112,32,0.011377811431884766,0.011408090591430664,0.012700080871582031,productivity (11),0
4,2,set(),{},77.0,set(),{},77.0,79.0,"[0, 4]",2,set(),{},77.0,79.0,"[0, 4]",2,1,112,32,0.011325836181640625,0.012535572052001953,0.013256072998046875,productivity (11),0
4,1,set(),{},77.0,set(),{},77.0,78.0,[0],1,set(),{},77.0,78.0,[0],1,1,112,32,0.01117086410522461,0.013573169708251953,0.012204885482788086,productivity (11),0
4,0,set(),{},77.0,set(),{},77.0,77.0,[],0,set(),{},77.0,77.0,[],0,1,112,32,0.011793851852416992,0.011226892471313477,0.012608051300048828,productivity (11),0
5,4,set(),{},77.0,set(),{},77.0,81.0,"[0, 4, 5, 9]",4,set(),{},77.0,81.0,"[0, 4, 5, 9]",4,1,112,32,0.012479066848754883,0.014719963073730469,0.0172879695892334,productivity (11),0
5,3,set(),{},77.0,set(),{},77.0,80.0,"[0, 4, 5]",3,set(),{},77.0,80.0,"[0, 4, 5]",3,1,112,32,0.014430999755859375,0.013142108917236328,0.013933658599853516,productivity (11),0
5,2,set(),{},77.0,set(),{},77.0,79.0,"[0, 4]",2,set(),{},77.0,79.0,"[0, 4]",2,1,112,32,0.01258397102355957,0.015976905822753906,0.012368917465209961,productivity (11),0
5,1,set(),{},77.0,set(),{},77.0,78.0,[0],1,set(),{},77.0,78.0,[0],1,1,112,32,0.013580799102783203,0.011881828308105469,0.011679887771606445,productivity (11),0
5,0,set(),{},77.0,set(),{},77.0,77.0,[],0,set(),{},77.0,77.0,[],0,1,112,32,0.013362884521484375,0.012577056884765625,0.01158285140991211,productivity (11),0
1,4,{18},{18: -1},86.5,{18},{18: -1},86.5,90.5,"[9, 21, 22, 27]",4,{18},{18: -1},86.5,90.5,"[9, 21, 22, 27]",4,2,112,44,0.01950383186340332,0.023418188095092773,0.017250776290893555,productivity (11),1
1,3,{18},{18: -1},86.5,{18},{18: -1},86.5,89.5,"[9, 21, 22]",3,{18},{18: -1},86.5,89.5,"[9, 21, 22]",3,2,112,44,0.018739938735961914,0.019437074661254883,0.019551992416381836,productivity (11),1
1,2,{18},{18: -1},86.5,{18},{18: -1},86.5,88.5,"[9, 21]",2,{18},{18: -1},86.5,88.5,"[9, 21]",2,2,112,44,0.01996302604675293,0.023516178131103516,0.025179147720336914,productivity (11),1
1,1,{18},{18: -1},86.5,{18},{18: -1},86.5,87.5,[9],1,{18},{18: -1},86.5,87.5,[9],1,2,112,44,0.06429386138916016,0.025886058807373047,0.039875030517578125,productivity (11),1
1,0,{18},{18: -1},86.5,{18},{18: -1},86.5,86.5,[],0,{18},{18: -1},86.5,86.5,[],0,2,112,44,0.020327091217041016,0.02244877815246582,0.020034074783325195,productivity (11),1
2,4,"{18, 34}","{18: -1, 34: -1}",91.5,"{18, 34}","{18: -1, 34: -1}",91.5,95.5,"[9, 21, 22, 27]",4,"{18, 34}","{18: -1, 34: -1}",91.5,95.5,"[9, 21, 22, 27]",4,2,112,44,0.042925119400024414,0.03792977333068848,0.03765702247619629,productivity (11),1
2,3,"{18, 34}","{18: -1, 34: -1}",91.5,"{18, 34}","{18: -1, 34: -1}",91.5,94.5,"[9, 21, 22]",3,"{18, 34}","{18: -1, 34: -1}",91.5,94.5,"[9, 21, 22]",3,2,112,44,0.04056286811828613,0.03879714012145996,0.03342700004577637,productivity (11),1
2,2,"{18, 34}","{18: -1, 34: -1}",91.5,"{18, 34}","{18: -1, 34: -1}",91.5,93.5,"[9, 21]",2,"{18, 34}","{18: -1, 34: -1}",91.5,93.5,"[9, 21]",2,2,112,44,0.03868913650512695,0.03873014450073242,0.03941082954406738,productivity (11),1
2,1,"{18, 34}","{18: -1, 34: -1}",91.5,"{18, 34}","{18: -1, 34: -1}",91.5,92.5,[9],1,"{18, 34}","{18: -1, 34: -1}",91.5,92.5,[9],1,2,112,44,0.04145097732543945,0.03946518898010254,0.03780984878540039,productivity (11),1
2,0,"{18, 34}","{18: -1, 34: -1}",91.5,"{18, 34}","{18: -1, 34: -1}",91.5,91.5,[],0,"{18, 34}","{18: -1, 34: -1}",91.5,91.5,[],0,2,112,44,0.037567853927612305,0.036228179931640625,0.03786587715148926,productivity (11),1
3,4,"{18, 34, 13}","{18: -1, 34: -1, 13: -1}",94.0,"{18, 34, 13}","{18: -1, 34: -1, 13: -1}",94.0,98.0,"[9, 21, 22, 27]",4,"{18, 34, 13}","{18: -1, 34: -1, 13: -1}",94.0,98.0,"[9, 21, 22, 27]",4,2,112,44,0.05480504035949707,0.05415701866149902,0.05191612243652344,productivity (11),1
3,3,"{18, 34, 13}","{18: -1, 34: -1, 13: -1}",94.0,"{18, 34, 13}","{18: -1, 34: -1, 13: -1}",94.0,97.0,"[9, 21, 22]",3,"{18, 34, 13}","{18: -1, 34: -1, 13: -1}",94.0,97.0,"[9, 21, 22]",3,2,112,44,0.05314135551452637,0.05130767822265625,0.05244326591491699,productivity (11),1
3,2,"{18, 34, 13}","{18: -1, 34: -1, 13: -1}",94.0,"{18, 34, 13}","{18: -1, 34: -1, 13: -1}",94.0,96.0,"[9, 21]",2,"{18, 34, 13}","{18: -1, 34: -1, 13: -1}",94.0,96.0,"[9, 21]",2,2,112,44,0.05467510223388672,0.05506300926208496,0.05281805992126465,productivity (11),1
3,1,"{18, 34, 13}","{18: -1, 34: -1, 13: -1}",94.0,"{18, 34, 13}","{18: -1, 34: -1, 13: -1}",94.0,95.0,[9],1,"{18, 34, 13}","{18: -1, 34: -1, 13: -1}",94.0,95.0,[9],1,2,112,44,0.05196785926818848,0.05291604995727539,0.05800199508666992,productivity (11),1
3,0,"{18, 34, 13}","{18: -1, 34: -1, 13: -1}",94.0,"{18, 34, 13}","{18: -1, 34: -1, 13: -1}",94.0,94.0,[],0,"{18, 34, 13}","{18: -1, 34: -1, 13: -1}",94.0,94.0,[],0,2,112,44,0.06061410903930664,0.058191776275634766,0.05482792854309082,productivity (11),1
4,4,"{18, 4, 34, 13}","{18: -1, 4: 1, 34: -1, 13: -1}",95.5,"{18, 4, 34, 13}","{18: -1, 4: 1, 34: -1, 13: -1}",95.5,99.5,"[9, 21, 22, 27]",4,"{18, 4, 34, 13}","{18: -1, 4: 1, 34: -1, 13: -1}",95.5,99.5,"[9, 21, 22, 27]",4,2,112,44,0.07436800003051758,0.0742180347442627,0.07189083099365234,productivity (11),1
4,3,"{18, 4, 34, 13}","{18: -1, 4: 1, 34: -1, 13: -1}",95.5,"{18, 4, 34, 13}","{18: -1, 4: 1, 34: -1, 13: -1}",95.5,98.5,"[9, 21, 22]",3,"{18, 4, 34, 13}","{18: -1, 4: 1, 34: -1, 13: -1}",95.5,98.5,"[9, 21, 22]",3,2,112,44,0.07093572616577148,0.07632923126220703,0.07082986831665039,productivity (11),1
4,2,"{18, 4, 34, 13}","{18: -1, 4: 1, 34: -1, 13: -1}",95.5,"{18, 4, 34, 13}","{18: -1, 4: 1, 34: -1, 13: -1}",95.5,97.5,"[9, 21]",2,"{18, 4, 34, 13}","{18: -1, 4: 1, 34: -1, 13: -1}",95.5,97.5,"[9, 21]",2,2,112,44,0.0946507453918457,0.07405591011047363,0.08086228370666504,productivity (11),1
4,1,"{18, 4, 34, 13}","{18: -1, 4: 1, 34: -1, 13: -1}",95.5,"{18, 4, 34, 13}","{18: -1, 4: 1, 34: -1, 13: -1}",95.5,96.5,[9],1,"{18, 4, 34, 13}","{18: -1, 4: 1, 34: -1, 13: -1}",95.5,96.5,[9],1,2,112,44,0.0725870132446289,0.07532525062561035,0.07441902160644531,productivity (11),1
4,0,"{18, 4, 34, 13}","{18: -1, 4: 1, 34: -1, 13: -1}",95.5,"{18, 4, 34, 13}","{18: -1, 4: 1, 34: -1, 13: -1}",95.5,95.5,[],0,"{18, 4, 34, 13}","{18: -1, 4: 1, 34: -1, 13: -1}",95.5,95.5,[],0,2,112,44,0.07294011116027832,0.07434487342834473,0.07848191261291504,productivity (11),1
5,4,"{34, 4, 13, 46, 18}","{34: -1, 4: 1, 13: -1, 46: -1, 18: -1}",97.0,"{34, 4, 13, 46, 18}","{34: -1, 4: 1, 13: -1, 46: -1, 18: -1}",97.0,101.0,"[9, 21, 22, 27]",4,"{34, 4, 13, 46, 18}","{34: -1, 4: 1, 13: -1, 46: -1, 18: -1}",97.0,101.0,"[9, 21, 22, 27]",4,2,112,44,0.0922398567199707,0.0915520191192627,0.08622193336486816,productivity (11),1
5,3,"{34, 4, 13, 46, 18}","{34: -1, 4: 1, 13: -1, 46: -1, 18: -1}",97.0,"{34, 4, 13, 46, 18}","{34: -1, 4: 1, 13: -1, 46: -1, 18: -1}",97.0,100.0,"[9, 21, 22]",3,"{34, 4, 13, 46, 18}","{34: -1, 4: 1, 13: -1, 46: -1, 18: -1}",97.0,100.0,"[9, 21, 22]",3,2,112,44,0.08788490295410156,0.0995931625366211,0.08827972412109375,productivity (11),1
5,2,"{34, 4, 13, 46, 18}","{34: -1, 4: 1, 13: -1, 46: -1, 18: -1}",97.0,"{34, 4, 13, 46, 18}","{34: -1, 4: 1, 13: -1, 46: -1, 18: -1}",97.0,99.0,"[9, 21]",2,"{34, 4, 13, 46, 18}","{34: -1, 4: 1, 13: -1, 46: -1, 18: -1}",97.0,99.0,"[9, 21]",2,2,112,44,0.08767008781433105,0.09191203117370605,0.09018588066101074,productivity (11),1
5,1,"{34, 4, 13, 46, 18}","{34: -1, 4: 1, 13: -1, 46: -1, 18: -1}",97.0,"{34, 4, 13, 46, 18}","{34: -1, 4: 1, 13: -1, 46: -1, 18: -1}",97.0,98.0,[9],1,"{34, 4, 13, 46, 18}","{34: -1, 4: 1, 13: -1, 46: -1, 18: -1}",97.0,98.0,[9],1,2,112,44,0.09339594841003418,0.09274888038635254,0.09257388114929199,productivity (11),1
5,0,"{34, 4, 13, 46, 18}","{34: -1, 4: 1, 13: -1, 46: -1, 18: -1}",97.0,"{34, 4, 13, 46, 18}","{34: -1, 4: 1, 13: -1, 46: -1, 18: -1}",97.0,97.0,[],0,"{34, 4, 13, 46, 18}","{34: -1, 4: 1, 13: -1, 46: -1, 18: -1}",97.0,97.0,[],0,2,112,44,0.10151815414428711,0.1675870418548584,0.14893269538879395,productivity (11),1
1,4,{18},{18: -1},90.66666666666669,{18},{18: -1},90.66666666666669,93.33333333333336,"[3, 11, 27, 72]",4,{18},{18: -1},89.00000000000003,93.00000000000003,"[3, 9, 11, 19]",4,3,112,45,0.033625125885009766,0.032939910888671875,0.029577016830444336,productivity (11),2
1,3,{18},{18: -1},90.66666666666669,{18},{18: -1},90.66666666666669,92.66666666666669,"[3, 11, 27]",3,{18},{18: -1},89.50000000000003,92.50000000000003,"[3, 9, 11]",3,3,112,45,0.024549007415771484,0.03166913986206055,0.04802393913269043,productivity (11),2
1,2,{18},{18: -1},90.66666666666669,{18},{18: -1},90.66666666666669,92.00000000000001,"[3, 11]",2,{18},{18: -1},89.83333333333336,91.83333333333336,"[3, 9]",2,3,112,45,0.03374075889587402,0.037696123123168945,0.024047136306762695,productivity (11),2
1,1,{18},{18: -1},90.66666666666669,{18},{18: -1},90.66666666666669,91.33333333333336,[3],1,{18},{18: -1},90.33333333333336,91.33333333333336,[3],1,3,112,45,0.020748138427734375,0.02308511734008789,0.02214503288269043,productivity (11),2
1,0,{18},{18: -1},90.66666666666669,{18},{18: -1},90.66666666666669,90.66666666666669,[],0,{18},{18: -1},90.66666666666669,90.66666666666669,[],0,3,112,45,0.0242159366607666,0.05952620506286621,0.05799579620361328,productivity (11),2
2,4,"{18, 34}","{18: -1, 34: -1}",95.83333333333334,"{18, 34}","{18: -1, 34: -1}",95.83333333333334,98.50000000000001,"[11, 72, 94, 109]",4,"{18, 26}","{18: -1, 26: 1}",93.66666666666667,97.66666666666667,"[3, 9, 11, 19]",4,3,112,45,0.048499107360839844,0.06018400192260742,0.10332202911376953,productivity (11),2
2,3,"{18, 34}","{18: -1, 34: -1}",95.83333333333334,"{18, 34}","{18: -1, 34: -1}",95.83333333333334,97.83333333333334,"[11, 72, 94]",3,"{18, 34}","{18: -1, 34: -1}",94.50000000000001,97.50000000000001,"[3, 9, 11]",3,3,112,45,0.04482102394104004,0.0443882942199707,0.04470086097717285,productivity (11),2
2,2,"{18, 34}","{18: -1, 34: -1}",95.83333333333334,"{18, 34}","{18: -1, 34: -1}",95.83333333333334,97.16666666666667,"[11, 72]",2,"{18, 34}","{18: -1, 34: -1}",94.83333333333334,96.83333333333334,"[3, 9]",2,3,112,45,0.07671713829040527,0.0437169075012207,0.04534101486206055,productivity (11),2
2,1,"{18, 34}","{18: -1, 34: -1}",95.83333333333334,"{18, 34}","{18: -1, 34: -1}",95.83333333333334,96.50000000000001,[11],1,"{18, 34}","{18: -1, 34: -1}",95.33333333333334,96.33333333333334,[3],1,3,112,45,0.04437875747680664,0.04721689224243164,0.04625821113586426,productivity (11),2
2,0,"{18, 34}","{18: -1, 34: -1}",95.83333333333334,"{18, 34}","{18: -1, 34: -1}",95.83333333333334,95.83333333333334,[],0,"{18, 34}","{18: -1, 34: -1}",95.83333333333334,95.83333333333334,[],0,3,112,45,0.05407381057739258,0.046957969665527344,0.04749321937561035,productivity (11),2
3,4,"{18, 34, 46}","{18: -1, 34: -1, 46: -1}",99.83333333333334,"{18, 34, 46}","{18: -1, 34: -1, 46: -1}",99.83333333333334,102.50000000000001,"[11, 72, 94, 109]",4,"{18, 26, 46}","{18: -1, 26: 1, 46: -1}",96.83333333333333,100.83333333333333,"[3, 9, 11, 19]",4,3,112,45,0.07208108901977539,0.06330990791320801,0.06771087646484375,productivity (11),2
3,3,"{18, 34, 46}","{18: -1, 34: -1, 46: -1}",99.83333333333334,"{18, 34, 46}","{18: -1, 34: -1, 46: -1}",99.83333333333334,101.83333333333334,"[11, 72, 94]",3,"{18, 34, 46}","{18: -1, 34: -1, 46: -1}",98.00000000000001,101.00000000000001,"[3, 9, 11]",3,3,112,45,0.06971073150634766,0.0656270980834961,0.06173515319824219,productivity (11),2
3,2,"{18, 34, 46}","{18: -1, 34: -1, 46: -1}",99.83333333333334,"{18, 34, 46}","{18: -1, 34: -1, 46: -1}",99.83333333333334,101.16666666666667,"[11, 72]",2,"{18, 34, 46}","{18: -1, 34: -1, 46: -1}",98.33333333333334,100.33333333333334,"[3, 9]",2,3,112,45,0.08738470077514648,0.08226180076599121,0.06982922554016113,productivity (11),2
3,1,"{18, 34, 46}","{18: -1, 34: -1, 46: -1}",99.83333333333334,"{18, 34, 46}","{18: -1, 34: -1, 46: -1}",99.83333333333334,100.50000000000001,[11],1,"{18, 34, 46}","{18: -1, 34: -1, 46: -1}",99.33333333333334,100.33333333333334,[3],1,3,112,45,0.06819987297058105,0.06257390975952148,0.06548190116882324,productivity (11),2
3,0,"{18, 34, 46}","{18: -1, 34: -1, 46: -1}",99.83333333333334,"{18, 34, 46}","{18: -1, 34: -1, 46: -1}",99.83333333333334,99.83333333333334,[],0,"{18, 34, 46}","{18: -1, 34: -1, 46: -1}",99.83333333333334,99.83333333333334,[],0,3,112,45,0.0649878978729248,0.07201194763183594,0.07434701919555664,productivity (11),2
4,4,"{18, 34, 28, 46}","{18: -1, 34: -1, 28: -1, 46: -1}",102.66666666666667,"{18, 34, 28, 46}","{18: -1, 34: -1, 28: -1, 46: -1}",102.66666666666667,105.33333333333334,"[11, 72, 94, 109]",4,"{18, 26, 28, 46}","{18: -1, 26: 1, 28: -1, 46: -1}",99.33333333333334,103.33333333333334,"[3, 9, 11, 19]",4,3,112,45,0.08587408065795898,0.08888602256774902,0.08207082748413086,productivity (11),2
4,3,"{18, 34, 28, 46}","{18: -1, 34: -1, 28: -1, 46: -1}",102.66666666666667,"{18, 34, 28, 46}","{18: -1, 34: -1, 28: -1, 46: -1}",102.66666666666667,104.66666666666667,"[11, 72, 94]",3,"{18, 34, 28, 46}","{18: -1, 34: -1, 28: -1, 46: -1}",100.83333333333334,103.83333333333334,"[3, 9, 11]",3,3,112,45,0.0832512378692627,0.08785295486450195,0.0859830379486084,productivity (11),2
4,2,"{18, 34, 28, 46}","{18: -1, 34: -1, 28: -1, 46: -1}",102.66666666666667,"{18, 34, 28, 46}","{18: -1, 34: -1, 28: -1, 46: -1}",102.66666666666667,104.0,"[11, 72]",2,"{18, 34, 28, 46}","{18: -1, 34: -1, 28: -1, 46: -1}",101.16666666666667,103.16666666666667,"[3, 9]",2,3,112,45,0.08765697479248047,0.08416271209716797,0.09358906745910645,productivity (11),2
4,1,"{18, 34, 28, 46}","{18: -1, 34: -1, 28: -1, 46: -1}",102.66666666666667,"{18, 34, 28, 46}","{18: -1, 34: -1, 28: -1, 46: -1}",102.66666666666667,103.33333333333334,[11],1,"{18, 34, 28, 46}","{18: -1, 34: -1, 28: -1, 46: -1}",102.16666666666667,103.16666666666667,[3],1,3,112,45,0.10147881507873535,0.08812117576599121,0.09262800216674805,productivity (11),2
4,0,"{18, 34, 28, 46}","{18: -1, 34: -1, 28: -1, 46: -1}",102.66666666666667,"{18, 34, 28, 46}","{18: -1, 34: -1, 28: -1, 46: -1}",102.66666666666667,102.66666666666667,[],0,"{18, 34, 28, 46}","{18: -1, 34: -1, 28: -1, 46: -1}",102.66666666666667,102.66666666666667,[],0,3,112,45,0.08754611015319824,0.10798883438110352,0.13106393814086914,productivity (11),2
5,4,"{34, 11, 46, 18, 28}","{34: -1, 11: -1, 46: -1, 18: -1, 28: -1}",104.50000000000001,"{34, 11, 46, 18, 28}","{34: -1, 11: -1, 46: -1, 18: -1, 28: -1}",104.50000000000001,106.66666666666669,"[11, 3, 21, 72]",4,"{11, 46, 18, 26, 28}","{11: -1, 46: -1, 18: -1, 26: 1, 28: -1}",101.16666666666667,105.16666666666667,"[3, 9, 11, 19]",4,3,112,45,0.12029385566711426,0.19217729568481445,0.1848897933959961,productivity (11),2
5,3,"{34, 11, 46, 18, 28}","{34: -1, 11: -1, 46: -1, 18: -1, 28: -1}",104.50000000000001,"{34, 11, 46, 18, 28}","{34: -1, 11: -1, 46: -1, 18: -1, 28: -1}",104.50000000000001,106.16666666666669,"[11, 3, 21]",3,"{34, 11, 46, 18, 28}","{34: -1, 11: -1, 46: -1, 18: -1, 28: -1}",102.66666666666667,105.66666666666667,"[3, 9, 11]",3,3,112,45,0.13183021545410156,0.22910380363464355,0.1297461986541748,productivity (11),2
5,2,"{34, 11, 46, 18, 28}","{34: -1, 11: -1, 46: -1, 18: -1, 28: -1}",104.50000000000001,"{34, 11, 46, 18, 28}","{34: -1, 11: -1, 46: -1, 18: -1, 28: -1}",104.50000000000001,105.66666666666669,"[11, 3]",2,"{34, 11, 46, 18, 28}","{34: -1, 11: -1, 46: -1, 18: -1, 28: -1}",103.00000000000001,105.00000000000001,"[3, 9]",2,3,112,45,0.1712932586669922,0.11783885955810547,0.17047119140625,productivity (11),2
5,1,"{34, 11, 46, 18, 28}","{34: -1, 11: -1, 46: -1, 18: -1, 28: -1}",104.50000000000001,"{34, 11, 46, 18, 28}","{34: -1, 11: -1, 46: -1, 18: -1, 28: -1}",104.50000000000001,105.16666666666669,[11],1,"{34, 11, 46, 18, 28}","{34: -1, 11: -1, 46: -1, 18: -1, 28: -1}",104.00000000000001,105.00000000000001,[3],1,3,112,45,0.12688684463500977,0.12446475028991699,0.12623310089111328,productivity (11),2
5,0,"{34, 11, 46, 18, 28}","{34: -1, 11: -1, 46: -1, 18: -1, 28: -1}",104.50000000000001,"{34, 11, 46, 18, 28}","{34: -1, 11: -1, 46: -1, 18: -1, 28: -1}",104.50000000000001,104.50000000000001,[],0,"{34, 11, 46, 18, 28}","{34: -1, 11: -1, 46: -1, 18: -1, 28: -1}",104.50000000000001,104.50000000000001,[],0,3,112,45,0.14035296440124512,0.11542677879333496,0.12504220008850098,productivity (11),2
1,4,{16},{16: 1},88.25,{16},{16: 1},88.25,90.5,"[21, 0, 5, 9]",4,{18},{18: -1},86.33333333333334,90.33333333333334,"[19, 21, 0, 3]",4,4,112,46,0.026649951934814453,0.035910844802856445,0.032872915267944336,productivity (11),3
1,3,{16},{16: 1},88.25,{16},{16: 1},88.25,90.0,"[21, 0, 5]",3,{26},{26: 1},87.25,90.25,"[19, 21, 0]",3,4,112,46,0.027322053909301758,0.028460979461669922,0.026368141174316406,productivity (11),3
1,2,{16},{16: 1},88.25,{16},{16: 1},88.25,89.5,"[21, 0]",2,{26},{26: 1},87.75,89.75,"[19, 21]",2,4,112,46,0.027307987213134766,0.028316974639892578,0.027101993560791016,productivity (11),3
1,1,{16},{16: 1},88.25,{16},{16: 1},88.25,89.0,[21],1,{26},{26: 1},88.0,89.0,[19],1,4,112,46,0.025586843490600586,0.0335848331451416,0.028109073638916016,productivity (11),3
1,0,{16},{16: 1},88.25,{16},{16: 1},88.25,88.25,[],0,{16},{16: 1},88.25,88.25,[],0,4,112,46,0.025825977325439453,0.02660512924194336,0.027164936065673828,productivity (11),3
2,4,"{16, 35}","{16: 1, 35: 1}",93.5,"{16, 35}","{16: 1, 35: 1}",93.5,95.75,"[21, 0, 11, 22]",4,"{18, 34}","{18: -1, 34: -1}",90.5,94.5,"[19, 21, 0, 3]",4,4,112,46,0.055924177169799805,0.060510873794555664,0.05312204360961914,productivity (11),3
2,3,"{16, 35}","{16: 1, 35: 1}",93.5,"{16, 35}","{16: 1, 35: 1}",93.5,95.25,"[21, 0, 11]",3,"{26, 35}","{26: 1, 35: 1}",92.25,95.25,"[19, 21, 0]",3,4,112,46,0.05052495002746582,0.0643320083618164,0.059327125549316406,productivity (11),3
2,2,"{16, 35}","{16: 1, 35: 1}",93.5,"{16, 35}","{16: 1, 35: 1}",93.5,94.75,"[21, 0]",2,"{26, 35}","{26: 1, 35: 1}",92.75,94.75,"[19, 21]",2,4,112,46,0.07186198234558105,0.06112504005432129,0.06117606163024902,productivity (11),3
2,1,"{16, 35}","{16: 1, 35: 1}",93.5,"{16, 35}","{16: 1, 35: 1}",93.5,94.25,[21],1,"{26, 35}","{26: 1, 35: 1}",93.0,94.0,[19],1,4,112,46,0.05604982376098633,0.05435490608215332,0.05458521842956543,productivity (11),3
2,0,"{16, 35}","{16: 1, 35: 1}",93.5,"{16, 35}","{16: 1, 35: 1}",93.5,93.5,[],0,"{16, 35}","{16: 1, 35: 1}",93.5,93.5,[],0,4,112,46,0.06099677085876465,0.05332207679748535,0.055010080337524414,productivity (11),3
3,4,"{16, 27, 35}","{16: 1, 27: 1, 35: 1}",98.0,"{16, 27, 35}","{16: 1, 27: 1, 35: 1}",98.0,100.25,"[21, 11, 22, 27]",4,"{18, 27, 34}","{18: -1, 27: 1, 34: -1}",94.5,98.5,"[19, 21, 0, 3]",4,4,112,46,0.07930207252502441,0.0776360034942627,0.08619284629821777,productivity (11),3
3,3,"{16, 27, 35}","{16: 1, 27: 1, 35: 1}",98.0,"{16, 27, 35}","{16: 1, 27: 1, 35: 1}",98.0,99.75,"[21, 11, 22]",3,"{27, 26, 35}","{27: 1, 26: 1, 35: 1}",96.25,99.25,"[19, 21, 0]",3,4,112,46,0.225355863571167,0.08827900886535645,0.07465124130249023,productivity (11),3
3,2,"{16, 27, 35}","{16: 1, 27: 1, 35: 1}",98.0,"{16, 27, 35}","{16: 1, 27: 1, 35: 1}",98.0,99.25,"[21, 11]",2,"{27, 26, 35}","{27: 1, 26: 1, 35: 1}",97.25,99.25,"[19, 21]",2,4,112,46,0.09549307823181152,0.09652495384216309,0.08467578887939453,productivity (11),3
3,1,"{16, 27, 35}","{16: 1, 27: 1, 35: 1}",98.0,"{16, 27, 35}","{16: 1, 27: 1, 35: 1}",98.0,98.75,[21],1,"{27, 26, 35}","{27: 1, 26: 1, 35: 1}",97.5,98.5,[19],1,4,112,46,0.07594132423400879,0.0763251781463623,0.13779783248901367,productivity (11),3
3,0,"{16, 27, 35}","{16: 1, 27: 1, 35: 1}",98.0,"{16, 27, 35}","{16: 1, 27: 1, 35: 1}",98.0,98.0,[],0,"{16, 27, 35}","{16: 1, 27: 1, 35: 1}",98.0,98.0,[],0,4,112,46,0.17165613174438477,0.16535401344299316,0.1321108341217041,productivity (11),3
4,4,"{16, 27, 35, 44}","{16: 1, 27: 1, 35: 1, 44: -1}",101.25,"{16, 27, 35, 44}","{16: 1, 27: 1, 35: 1, 44: -1}",101.25,103.5,"[21, 11, 22, 27]",4,"{18, 27, 34, 46}","{18: -1, 27: 1, 34: -1, 46: -1}",98.25,102.25,"[19, 21, 0, 3]",4,4,112,46,0.16095685958862305,0.16114115715026855,0.13176178932189941,productivity (11),3
4,3,"{16, 27, 35, 44}","{16: 1, 27: 1, 35: 1, 44: -1}",101.25,"{16, 27, 35, 44}","{16: 1, 27: 1, 35: 1, 44: -1}",101.25,103.0,"[21, 11, 22]",3,"{27, 26, 35, 44}","{27: 1, 26: 1, 35: 1, 44: -1}",99.5,102.5,"[19, 21, 0]",3,4,112,46,0.16249704360961914,0.22057485580444336,0.120880126953125,productivity (11),3
4,2,"{16, 27, 35, 44}","{16: 1, 27: 1, 35: 1, 44: -1}",101.25,"{16, 27, 35, 44}","{16: 1, 27: 1, 35: 1, 44: -1}",101.25,102.5,"[21, 11]",2,"{27, 26, 35, 44}","{27: 1, 26: 1, 35: 1, 44: -1}",100.5,102.5,"[19, 21]",2,4,112,46,0.15650510787963867,0.15691184997558594,0.10433101654052734,productivity (11),3
4,1,"{16, 27, 35, 44}","{16: 1, 27: 1, 35: 1, 44: -1}",101.25,"{16, 27, 35, 44}","{16: 1, 27: 1, 35: 1, 44: -1}",101.25,102.0,[21],1,"{27, 26, 35, 44}","{27: 1, 26: 1, 35: 1, 44: -1}",100.75,101.75,[19],1,4,112,46,0.11869597434997559,0.1392228603363037,0.12182378768920898,productivity (11),3
4,0,"{16, 27, 35, 44}","{16: 1, 27: 1, 35: 1, 44: -1}",101.25,"{16, 27, 35, 44}","{16: 1, 27: 1, 35: 1, 44: -1}",101.25,101.25,[],0,"{16, 27, 35, 44}","{16: 1, 27: 1, 35: 1, 44: -1}",101.25,101.25,[],0,4,112,46,0.10971903800964355,0.13762903213500977,0.10700798034667969,productivity (11),3
5,4,"{35, 44, 16, 24, 27}","{35: 1, 44: -1, 16: 1, 24: 1, 27: 1}",104.25,"{35, 44, 16, 24, 27}","{35: 1, 44: -1, 16: 1, 24: 1, 27: 1}",104.25,106.5,"[21, 11, 41, 56]",4,"{34, 44, 46, 18, 27}","{34: -1, 44: -1, 46: -1, 18: -1, 27: 1}",101.5,105.5,"[19, 21, 0, 3]",4,4,112,46,0.13852620124816895,0.12798309326171875,0.1354529857635498,productivity (11),3
5,3,"{35, 44, 16, 24, 27}","{35: 1, 44: -1, 16: 1, 24: 1, 27: 1}",104.25,"{35, 44, 16, 24, 27}","{35: 1, 44: -1, 16: 1, 24: 1, 27: 1}",104.25,106.0,"[21, 11, 41]",3,"{35, 44, 24, 26, 27}","{35: 1, 44: -1, 24: 1, 26: 1, 27: 1}",102.5,105.5,"[19, 21, 0]",3,4,112,46,0.13486099243164062,0.1433119773864746,0.12810516357421875,productivity (11),3
5,2,"{35, 44, 16, 24, 27}","{35: 1, 44: -1, 16: 1, 24: 1, 27: 1}",104.25,"{35, 44, 16, 24, 27}","{35: 1, 44: -1, 16: 1, 24: 1, 27: 1}",104.25,105.5,"[21, 11]",2,"{35, 44, 24, 26, 27}","{35: 1, 44: -1, 24: 1, 26: 1, 27: 1}",103.5,105.5,"[19, 21]",2,4,112,46,0.12725615501403809,0.15234589576721191,0.14279913902282715,productivity (11),3
5,1,"{35, 44, 16, 24, 27}","{35: 1, 44: -1, 16: 1, 24: 1, 27: 1}",104.25,"{35, 44, 16, 24, 27}","{35: 1, 44: -1, 16: 1, 24: 1, 27: 1}",104.25,105.0,[21],1,"{35, 44, 24, 26, 27}","{35: 1, 44: -1, 24: 1, 26: 1, 27: 1}",103.75,104.75,[19],1,4,112,46,0.13593006134033203,0.12329602241516113,0.22231292724609375,productivity (11),3
5,0,"{35, 44, 16, 24, 27}","{35: 1, 44: -1, 16: 1, 24: 1, 27: 1}",104.25,"{35, 44, 16, 24, 27}","{35: 1, 44: -1, 16: 1, 24: 1, 27: 1}",104.25,104.25,[],0,"{35, 44, 16, 24, 27}","{35: 1, 44: -1, 16: 1, 24: 1, 27: 1}",104.25,104.25,[],0,4,112,46,0.14586281776428223,0.1279621124267578,0.14248228073120117,productivity (11),3
1,4,{27},{27: 1},89.19999999999996,{27},{27: 1},89.19999999999996,91.59999999999997,"[3, 4, 19, 21]",4,{27},{27: 1},87.59999999999995,91.59999999999995,"[3, 4, 19, 21]",4,5,112,48,0.03682589530944824,0.037387847900390625,0.033064842224121094,productivity (11),4
1,3,{27},{27: 1},89.19999999999996,{27},{27: 1},89.19999999999996,90.99999999999996,"[3, 4, 19]",3,{27},{27: 1},87.99999999999996,90.99999999999996,"[3, 4, 19]",3,5,112,48,0.0483248233795166,0.03145408630371094,0.028792142868041992,productivity (11),4
1,2,{27},{27: 1},89.19999999999996,{27},{27: 1},89.19999999999996,90.39999999999996,"[3, 4]",2,{27},{27: 1},88.39999999999996,90.39999999999996,"[3, 4]",2,5,112,48,0.03348112106323242,0.03253293037414551,0.033850908279418945,productivity (11),4
1,1,{27},{27: 1},89.19999999999996,{27},{27: 1},89.19999999999996,89.79999999999995,[3],1,{27},{27: 1},88.79999999999995,89.79999999999995,[3],1,5,112,48,0.03318500518798828,0.07467103004455566,0.03604912757873535,productivity (11),4
1,0,{27},{27: 1},89.19999999999996,{27},{27: 1},89.19999999999996,89.19999999999996,[],0,{27},{27: 1},89.19999999999996,89.19999999999996,[],0,5,112,48,0.04608321189880371,0.04855990409851074,0.041110992431640625,productivity (11),4
2,4,"{10, 27}","{10: 1, 27: 1}",95.59999999999997,"{10, 27}","{10: 1, 27: 1}",95.59999999999997,97.99999999999997,"[3, 4, 19, 41]",4,"{10, 27}","{10: 1, 27: 1}",93.39999999999996,97.39999999999996,"[3, 4, 19, 21]",4,5,112,48,0.067047119140625,0.05570387840270996,0.10038018226623535,productivity (11),4
2,3,"{10, 27}","{10: 1, 27: 1}",95.59999999999997,"{10, 27}","{10: 1, 27: 1}",95.59999999999997,97.39999999999996,"[3, 4, 19]",3,"{10, 27}","{10: 1, 27: 1}",94.39999999999996,97.39999999999996,"[3, 4, 19]",3,5,112,48,0.07506632804870605,0.12436699867248535,0.08089303970336914,productivity (11),4
2,2,"{10, 27}","{10: 1, 27: 1}",95.59999999999997,"{10, 27}","{10: 1, 27: 1}",95.59999999999997,96.79999999999997,"[3, 4]",2,"{10, 27}","{10: 1, 27: 1}",94.79999999999997,96.79999999999997,"[3, 4]",2,5,112,48,0.08785009384155273,0.061491966247558594,0.061637163162231445,productivity (11),4
2,1,"{10, 27}","{10: 1, 27: 1}",95.59999999999997,"{10, 27}","{10: 1, 27: 1}",95.59999999999997,96.19999999999996,[3],1,"{10, 27}","{10: 1, 27: 1}",95.19999999999997,96.19999999999997,[3],1,5,112,48,0.08088302612304688,0.06656599044799805,0.06632494926452637,productivity (11),4
2,0,"{10, 27}","{10: 1, 27: 1}",95.59999999999997,"{10, 27}","{10: 1, 27: 1}",95.59999999999997,95.59999999999997,[],0,"{10, 27}","{10: 1, 27: 1}",95.59999999999997,95.59999999999997,[],0,5,112,48,0.06656980514526367,0.08148884773254395,0.1081852912902832,productivity (11),4
3,4,"{16, 10, 27}","{16: 1, 10: 1, 27: 1}",100.39999999999996,"{16, 10, 27}","{16: 1, 10: 1, 27: 1}",100.39999999999996,102.19999999999996,"[41, 2, 5, 10]",4,"{26, 10, 27}","{26: 1, 10: 1, 27: 1}",97.19999999999997,101.19999999999997,"[3, 4, 19, 21]",4,5,112,48,0.16829681396484375,0.09766912460327148,0.0979158878326416,productivity (11),4
3,3,"{16, 10, 27}","{16: 1, 10: 1, 27: 1}",100.39999999999996,"{16, 10, 27}","{16: 1, 10: 1, 27: 1}",100.39999999999996,101.79999999999997,"[41, 2, 5]",3,"{26, 10, 27}","{26: 1, 10: 1, 27: 1}",98.19999999999997,101.19999999999997,"[3, 4, 19]",3,5,112,48,0.10973596572875977,0.11226201057434082,0.09313797950744629,productivity (11),4
3,2,"{16, 10, 27}","{16: 1, 10: 1, 27: 1}",100.39999999999996,"{16, 10, 27}","{16: 1, 10: 1, 27: 1}",100.39999999999996,101.39999999999996,"[41, 2]",2,"{26, 10, 27}","{26: 1, 10: 1, 27: 1}",98.59999999999998,100.59999999999998,"[3, 4]",2,5,112,48,0.11687302589416504,0.10431408882141113,0.13428902626037598,productivity (11),4
3,1,"{16, 10, 27}","{16: 1, 10: 1, 27: 1}",100.39999999999996,"{16, 10, 27}","{16: 1, 10: 1, 27: 1}",100.39999999999996,100.99999999999996,[41],1,"{16, 10, 27}","{16: 1, 10: 1, 27: 1}",99.39999999999998,100.39999999999998,[3],1,5,112,48,0.12282586097717285,0.19066715240478516,0.10330009460449219,productivity (11),4
3,0,"{16, 10, 27}","{16: 1, 10: 1, 27: 1}",100.39999999999996,"{16, 10, 27}","{16: 1, 10: 1, 27: 1}",100.39999999999996,100.39999999999996,[],0,"{16, 10, 27}","{16: 1, 10: 1, 27: 1}",100.39999999999996,100.39999999999996,[],0,5,112,48,0.0924077033996582,0.09372210502624512,0.09740209579467773,productivity (11),4
4,4,"{16, 1, 10, 27}","{16: 1, 1: 1, 10: 1, 27: 1}",103.39999999999996,"{16, 1, 10, 27}","{16: 1, 1: 1, 10: 1, 27: 1}",103.39999999999996,105.19999999999996,"[41, 2, 5, 10]",4,"{26, 9, 10, 27}","{26: 1, 9: 1, 10: 1, 27: 1}",99.99999999999997,103.99999999999997,"[3, 4, 19, 21]",4,5,112,48,0.13073301315307617,0.1870410442352295,0.15382719039916992,productivity (11),4
4,3,"{16, 1, 10, 27}","{16: 1, 1: 1, 10: 1, 27: 1}",103.39999999999996,"{16, 1, 10, 27}","{16: 1, 1: 1, 10: 1, 27: 1}",103.39999999999996,104.79999999999997,"[41, 2, 5]",3,"{26, 9, 10, 27}","{26: 1, 9: 1, 10: 1, 27: 1}",100.99999999999997,103.99999999999997,"[3, 4, 19]",3,5,112,48,0.14945101737976074,0.15879201889038086,0.17037391662597656,productivity (11),4
4,2,"{16, 1, 10, 27}","{16: 1, 1: 1, 10: 1, 27: 1}",103.39999999999996,"{16, 1, 10, 27}","{16: 1, 1: 1, 10: 1, 27: 1}",103.39999999999996,104.39999999999996,"[41, 2]",2,"{26, 9, 10, 27}","{26: 1, 9: 1, 10: 1, 27: 1}",101.99999999999997,103.99999999999997,"[3, 4]",2,5,112,48,0.14811992645263672,0.15287494659423828,0.12411999702453613,productivity (11),4
4,1,"{16, 1, 10, 27}","{16: 1, 1: 1, 10: 1, 27: 1}",103.39999999999996,"{16, 1, 10, 27}","{16: 1, 1: 1, 10: 1, 27: 1}",103.39999999999996,103.99999999999996,[41],1,"{16, 1, 10, 27}","{16: 1, 1: 1, 10: 1, 27: 1}",102.39999999999998,103.39999999999998,[3],1,5,112,48,0.18183588981628418,0.1319129467010498,0.1490039825439453,productivity (11),4
4,0,"{16, 1, 10, 27}","{16: 1, 1: 1, 10: 1, 27: 1}",103.39999999999996,"{16, 1, 10, 27}","{16: 1, 1: 1, 10: 1, 27: 1}",103.39999999999996,103.39999999999996,[],0,"{16, 1, 10, 27}","{16: 1, 1: 1, 10: 1, 27: 1}",103.39999999999996,103.39999999999996,[],0,5,112,48,0.11914587020874023,0.14545083045959473,0.1255350112915039,productivity (11),4
5,4,"{1, 10, 44, 16, 27}","{1: 1, 10: 1, 44: -1, 16: 1, 27: 1}",106.14999999999998,"{1, 10, 44, 16, 27}","{1: 1, 10: 1, 44: -1, 16: 1, 27: 1}",106.14999999999998,107.94999999999997,"[41, 2, 5, 10]",4,"{9, 10, 44, 26, 27}","{9: 1, 10: 1, 44: -1, 26: 1, 27: 1}",102.74999999999999,106.74999999999999,"[3, 4, 19, 21]",4,5,112,48,0.22362017631530762,0.16959095001220703,0.1756000518798828,productivity (11),4
5,3,"{1, 10, 44, 16, 27}","{1: 1, 10: 1, 44: -1, 16: 1, 27: 1}",106.14999999999998,"{1, 10, 44, 16, 27}","{1: 1, 10: 1, 44: -1, 16: 1, 27: 1}",106.14999999999998,107.54999999999998,"[41, 2, 5]",3,"{9, 10, 44, 26, 27}","{9: 1, 10: 1, 44: -1, 26: 1, 27: 1}",103.74999999999999,106.74999999999999,"[3, 4, 19]",3,5,112,48,0.1483771800994873,0.1699690818786621,0.18071293830871582,productivity (11),4
5,2,"{1, 10, 44, 16, 27}","{1: 1, 10: 1, 44: -1, 16: 1, 27: 1}",106.14999999999998,"{1, 10, 44, 16, 27}","{1: 1, 10: 1, 44: -1, 16: 1, 27: 1}",106.14999999999998,107.14999999999998,"[41, 2]",2,"{9, 10, 44, 26, 27}","{9: 1, 10: 1, 44: -1, 26: 1, 27: 1}",104.74999999999999,106.74999999999999,"[3, 4]",2,5,112,48,0.17789411544799805,0.1770482063293457,0.15728211402893066,productivity (11),4
5,1,"{1, 10, 44, 16, 27}","{1: 1, 10: 1, 44: -1, 16: 1, 27: 1}",106.14999999999998,"{1, 10, 44, 16, 27}","{1: 1, 10: 1, 44: -1, 16: 1, 27: 1}",106.14999999999998,106.74999999999997,[41],1,"{1, 10, 44, 16, 27}","{1: 1, 10: 1, 44: -1, 16: 1, 27: 1}",105.14999999999998,106.14999999999998,[3],1,5,112,48,0.1527111530303955,0.16376876831054688,0.14872026443481445,productivity (11),4
5,0,"{1, 10, 44, 16, 27}","{1: 1, 10: 1, 44: -1, 16: 1, 27: 1}",106.14999999999998,"{1, 10, 44, 16, 27}","{1: 1, 10: 1, 44: -1, 16: 1, 27: 1}",106.14999999999998,106.14999999999998,[],0,"{1, 10, 44, 16, 27}","{1: 1, 10: 1, 44: -1, 16: 1, 27: 1}",106.14999999999998,106.14999999999998,[],0,5,112,48,0.143218994140625,0.14368796348571777,0.14859509468078613,productivity (11),4
1,4,{27},{27: 1},89.99999999999999,{27},{27: 1},89.99999999999999,91.99999999999999,"[3, 4, 19, 21]",4,{27},{27: 1},88.0,92.0,"[3, 4, 19, 21]",4,6,112,48,0.03400993347167969,0.03368806838989258,0.03354287147521973,productivity (11),5
1,3,{27},{27: 1},89.99999999999999,{27},{27: 1},89.99999999999999,91.49999999999999,"[3, 4, 19]",3,{27},{27: 1},88.49999999999999,91.49999999999999,"[3, 4, 19]",3,6,112,48,0.034224748611450195,0.035262107849121094,0.03362894058227539,productivity (11),5
1,2,{27},{27: 1},89.99999999999999,{27},{27: 1},89.99999999999999,90.99999999999999,"[3, 4]",2,{27},{27: 1},89.0,91.0,"[3, 4]",2,6,112,48,0.03191781044006348,0.03513026237487793,0.03441286087036133,productivity (11),5
1,1,{27},{27: 1},89.99999999999999,{27},{27: 1},89.99999999999999,90.49999999999999,[3],1,{27},{27: 1},89.49999999999999,90.49999999999999,[3],1,6,112,48,0.032109975814819336,0.033926963806152344,0.034929752349853516,productivity (11),5
1,0,{27},{27: 1},89.99999999999999,{27},{27: 1},89.99999999999999,89.99999999999999,[],0,{27},{27: 1},89.99999999999999,89.99999999999999,[],0,6,112,48,0.029349803924560547,0.03463125228881836,0.03583478927612305,productivity (11),5
2,4,"{10, 27}","{10: 1, 27: 1}",97.0,"{10, 27}","{10: 1, 27: 1}",97.0,99.0,"[3, 4, 19, 32]",4,"{10, 27}","{10: 1, 27: 1}",94.5,98.5,"[3, 4, 19, 21]",4,6,112,48,0.0650331974029541,0.06621003150939941,0.06517577171325684,productivity (11),5
2,3,"{10, 27}","{10: 1, 27: 1}",97.0,"{10, 27}","{10: 1, 27: 1}",97.0,98.5,"[3, 4, 19]",3,"{10, 27}","{10: 1, 27: 1}",95.5,98.5,"[3, 4, 19]",3,6,112,48,0.07184600830078125,0.07419490814208984,0.06616902351379395,productivity (11),5
2,2,"{10, 27}","{10: 1, 27: 1}",97.0,"{10, 27}","{10: 1, 27: 1}",97.0,98.0,"[3, 4]",2,"{10, 27}","{10: 1, 27: 1}",96.0,98.0,"[3, 4]",2,6,112,48,0.06707024574279785,0.06567764282226562,0.07169890403747559,productivity (11),5
2,1,"{10, 27}","{10: 1, 27: 1}",97.0,"{10, 27}","{10: 1, 27: 1}",97.0,97.5,[3],1,"{10, 27}","{10: 1, 27: 1}",96.5,97.5,[3],1,6,112,48,0.0646982192993164,0.08028197288513184,0.07481908798217773,productivity (11),5
2,0,"{10, 27}","{10: 1, 27: 1}",97.0,"{10, 27}","{10: 1, 27: 1}",97.0,97.0,[],0,"{10, 27}","{10: 1, 27: 1}",97.0,97.0,[],0,6,112,48,0.07762885093688965,0.07478785514831543,0.07765626907348633,productivity (11),5
3,4,"{26, 10, 27}","{26: 1, 10: 1, 27: 1}",102.66666666666666,"{26, 10, 27}","{26: 1, 10: 1, 27: 1}",102.66666666666666,104.33333333333333,"[41, 60, 2, 10]",4,"{26, 10, 27}","{26: 1, 10: 1, 27: 1}",98.66666666666667,102.66666666666667,"[3, 4, 19, 21]",4,6,112,48,0.13596200942993164,0.1097419261932373,0.0986490249633789,productivity (11),5
3,3,"{26, 10, 27}","{26: 1, 10: 1, 27: 1}",102.66666666666666,"{26, 10, 27}","{26: 1, 10: 1, 27: 1}",102.66666666666666,103.99999999999999,"[41, 60, 2]",3,"{26, 10, 27}","{26: 1, 10: 1, 27: 1}",99.66666666666667,102.66666666666667,"[3, 4, 19]",3,6,112,48,0.0968327522277832,0.10050511360168457,0.09656500816345215,productivity (11),5
3,2,"{26, 10, 27}","{26: 1, 10: 1, 27: 1}",102.66666666666666,"{26, 10, 27}","{26: 1, 10: 1, 27: 1}",102.66666666666666,103.66666666666666,"[41, 60]",2,"{26, 10, 27}","{26: 1, 10: 1, 27: 1}",100.66666666666667,102.66666666666667,"[3, 4]",2,6,112,48,0.10080909729003906,0.10573601722717285,0.09645366668701172,productivity (11),5
3,1,"{26, 10, 27}","{26: 1, 10: 1, 27: 1}",102.66666666666666,"{26, 10, 27}","{26: 1, 10: 1, 27: 1}",102.66666666666666,103.16666666666666,[41],1,"{26, 10, 27}","{26: 1, 10: 1, 27: 1}",101.66666666666666,102.66666666666666,[3],1,6,112,48,0.09833312034606934,0.09893202781677246,0.10819602012634277,productivity (11),5
3,0,"{26, 10, 27}","{26: 1, 10: 1, 27: 1}",102.66666666666666,"{26, 10, 27}","{26: 1, 10: 1, 27: 1}",102.66666666666666,102.66666666666666,[],0,"{26, 10, 27}","{26: 1, 10: 1, 27: 1}",102.66666666666666,102.66666666666666,[],0,6,112,48,0.14895987510681152,0.13015294075012207,0.09626889228820801,productivity (11),5
4,4,"{26, 10, 27, 42}","{26: 1, 10: 1, 27: 1, 42: 1}",106.33333333333333,"{26, 10, 27, 42}","{26: 1, 10: 1, 27: 1, 42: 1}",106.33333333333333,108.0,"[41, 60, 10, 13]",4,"{26, 10, 27, 42}","{26: 1, 10: 1, 27: 1, 42: 1}",102.33333333333333,106.33333333333333,"[3, 4, 19, 21]",4,6,112,48,0.15455007553100586,0.17347311973571777,0.1686239242553711,productivity (11),5
4,3,"{26, 10, 27, 42}","{26: 1, 10: 1, 27: 1, 42: 1}",106.33333333333333,"{26, 10, 27, 42}","{26: 1, 10: 1, 27: 1, 42: 1}",106.33333333333333,107.66666666666666,"[41, 60, 10]",3,"{26, 10, 27, 42}","{26: 1, 10: 1, 27: 1, 42: 1}",103.33333333333333,106.33333333333333,"[3, 4, 19]",3,6,112,48,0.1302189826965332,0.12773609161376953,0.1306459903717041,productivity (11),5
4,2,"{26, 10, 27, 42}","{26: 1, 10: 1, 27: 1, 42: 1}",106.33333333333333,"{26, 10, 27, 42}","{26: 1, 10: 1, 27: 1, 42: 1}",106.33333333333333,107.33333333333333,"[41, 60]",2,"{26, 10, 27, 42}","{26: 1, 10: 1, 27: 1, 42: 1}",104.33333333333333,106.33333333333333,"[3, 4]",2,6,112,48,0.18994402885437012,0.13221096992492676,0.13200783729553223,productivity (11),5
4,1,"{26, 10, 27, 42}","{26: 1, 10: 1, 27: 1, 42: 1}",106.33333333333333,"{26, 10, 27, 42}","{26: 1, 10: 1, 27: 1, 42: 1}",106.33333333333333,106.83333333333333,[41],1,"{26, 10, 27, 42}","{26: 1, 10: 1, 27: 1, 42: 1}",105.33333333333333,106.33333333333333,[3],1,6,112,48,0.12912893295288086,0.14658212661743164,0.15022587776184082,productivity (11),5
4,0,"{26, 10, 27, 42}","{26: 1, 10: 1, 27: 1, 42: 1}",106.33333333333333,"{26, 10, 27, 42}","{26: 1, 10: 1, 27: 1, 42: 1}",106.33333333333333,106.33333333333333,[],0,"{26, 10, 27, 42}","{26: 1, 10: 1, 27: 1, 42: 1}",106.33333333333333,106.33333333333333,[],0,6,112,48,0.13427996635437012,0.13029193878173828,0.151259183883667,productivity (11),5
5,4,"{1, 10, 42, 26, 27}","{1: 1, 10: 1, 42: 1, 26: 1, 27: 1}",108.66666666666669,"{1, 10, 42, 26, 27}","{1: 1, 10: 1, 42: 1, 26: 1, 27: 1}",108.66666666666669,110.16666666666669,"[41, 10, 22, 25]",4,"{1, 10, 42, 26, 27}","{1: 1, 10: 1, 42: 1, 26: 1, 27: 1}",104.66666666666669,108.66666666666669,"[3, 4, 19, 21]",4,6,112,48,0.17300200462341309,0.1852738857269287,0.18743300437927246,productivity (11),5
5,3,"{1, 10, 42, 26, 27}","{1: 1, 10: 1, 42: 1, 26: 1, 27: 1}",108.66666666666669,"{1, 10, 42, 26, 27}","{1: 1, 10: 1, 42: 1, 26: 1, 27: 1}",108.66666666666669,109.83333333333336,"[41, 10, 22]",3,"{1, 10, 42, 26, 27}","{1: 1, 10: 1, 42: 1, 26: 1, 27: 1}",105.66666666666669,108.66666666666669,"[3, 4, 19]",3,6,112,48,0.1722261905670166,0.16240692138671875,0.15951895713806152,productivity (11),5
5,2,"{1, 10, 42, 26, 27}","{1: 1, 10: 1, 42: 1, 26: 1, 27: 1}",108.66666666666669,"{1, 10, 42, 26, 27}","{1: 1, 10: 1, 42: 1, 26: 1, 27: 1}",108.66666666666669,109.50000000000001,"[41, 10]",2,"{1, 10, 42, 26, 27}","{1: 1, 10: 1, 42: 1, 26: 1, 27: 1}",106.66666666666669,108.66666666666669,"[3, 4]",2,6,112,48,0.16948795318603516,0.17194700241088867,0.16587114334106445,productivity (11),5
5,1,"{1, 10, 42, 26, 27}","{1: 1, 10: 1, 42: 1, 26: 1, 27: 1}",108.66666666666669,"{1, 10, 42, 26, 27}","{1: 1, 10: 1, 42: 1, 26: 1, 27: 1}",108.66666666666669,109.16666666666669,[41],1,"{1, 10, 42, 26, 27}","{1: 1, 10: 1, 42: 1, 26: 1, 27: 1}",107.66666666666669,108.66666666666669,[3],1,6,112,48,0.1591939926147461,0.16033506393432617,0.1666398048400879,productivity (11),5
5,0,"{1, 10, 42, 26, 27}","{1: 1, 10: 1, 42: 1, 26: 1, 27: 1}",108.66666666666669,"{1, 10, 42, 26, 27}","{1: 1, 10: 1, 42: 1, 26: 1, 27: 1}",108.66666666666669,108.66666666666669,[],0,"{1, 10, 42, 26, 27}","{1: 1, 10: 1, 42: 1, 26: 1, 27: 1}",108.66666666666669,108.66666666666669,[],0,6,112,48,0.16518402099609375,0.15922808647155762,0.162445068359375,productivity (11),5
1,4,{27},{27: 1},92.42857142857143,{27},{27: 1},92.42857142857143,94.28571428571429,"[41, 3, 4, 19]",4,{27},{27: 1},90.28571428571428,94.28571428571428,"[41, 3, 4, 19]",4,7,112,48,0.0370180606842041,0.03927898406982422,0.03594088554382324,productivity (11),6
1,3,{27},{27: 1},92.42857142857143,{27},{27: 1},92.42857142857143,93.85714285714286,"[41, 3, 4]",3,{27},{27: 1},90.85714285714285,93.85714285714285,"[41, 3, 4]",3,7,112,48,0.03684210777282715,0.03763890266418457,0.03621983528137207,productivity (11),6
1,2,{27},{27: 1},92.42857142857143,{27},{27: 1},92.42857142857143,93.42857142857143,"[41, 3]",2,{27},{27: 1},91.42857142857142,93.42857142857142,"[41, 3]",2,7,112,48,0.036392927169799805,0.03734278678894043,0.04182934761047363,productivity (11),6
1,1,{27},{27: 1},92.42857142857143,{27},{27: 1},92.42857142857143,93.0,[41],1,{27},{27: 1},92.0,93.0,[41],1,7,112,48,0.0368802547454834,0.041719675064086914,0.04163217544555664,productivity (11),6
1,0,{27},{27: 1},92.42857142857143,{27},{27: 1},92.42857142857143,92.42857142857143,[],0,{27},{27: 1},92.42857142857143,92.42857142857143,[],0,7,112,48,0.03942990303039551,0.04062318801879883,0.03926992416381836,productivity (11),6
2,4,"{10, 27}","{10: 1, 27: 1}",99.42857142857142,"{10, 27}","{10: 1, 27: 1}",99.42857142857142,101.28571428571428,"[41, 3, 4, 19]",4,"{10, 27}","{10: 1, 27: 1}",97.28571428571426,101.28571428571426,"[41, 3, 4, 19]",4,7,112,48,0.08890295028686523,0.08799195289611816,0.0720059871673584,productivity (11),6
2,3,"{10, 27}","{10: 1, 27: 1}",99.42857142857142,"{10, 27}","{10: 1, 27: 1}",99.42857142857142,100.85714285714285,"[41, 3, 4]",3,"{10, 27}","{10: 1, 27: 1}",97.85714285714283,100.85714285714283,"[41, 3, 4]",3,7,112,48,0.07384490966796875,0.07149386405944824,0.07221102714538574,productivity (11),6
2,2,"{10, 27}","{10: 1, 27: 1}",99.42857142857142,"{10, 27}","{10: 1, 27: 1}",99.42857142857142,100.42857142857142,"[41, 3]",2,"{10, 27}","{10: 1, 27: 1}",98.42857142857142,100.42857142857142,"[41, 3]",2,7,112,48,0.07366418838500977,0.07411813735961914,0.07487201690673828,productivity (11),6
2,1,"{10, 27}","{10: 1, 27: 1}",99.42857142857142,"{10, 27}","{10: 1, 27: 1}",99.42857142857142,99.99999999999999,[41],1,"{26, 27}","{26: 1, 27: 1}",98.99999999999999,99.99999999999999,[41],1,7,112,48,0.07093667984008789,0.08429193496704102,0.08266115188598633,productivity (11),6
2,0,"{10, 27}","{10: 1, 27: 1}",99.42857142857142,"{10, 27}","{10: 1, 27: 1}",99.42857142857142,99.42857142857142,[],0,"{10, 27}","{10: 1, 27: 1}",99.42857142857142,99.42857142857142,[],0,7,112,48,0.07234406471252441,0.10277318954467773,0.08449172973632812,productivity (11),6
3,4,"{26, 10, 27}","{26: 1, 10: 1, 27: 1}",104.71428571428571,"{26, 10, 27}","{26: 1, 10: 1, 27: 1}",104.71428571428571,106.42857142857142,"[41, 23, 60, 10]",4,"{26, 10, 27}","{26: 1, 10: 1, 27: 1}",101.28571428571428,105.28571428571428,"[41, 3, 4, 19]",4,7,112,48,0.11124110221862793,0.11731719970703125,0.12381172180175781,productivity (11),6
3,3,"{26, 10, 27}","{26: 1, 10: 1, 27: 1}",104.71428571428571,"{26, 10, 27}","{26: 1, 10: 1, 27: 1}",104.71428571428571,106.14285714285714,"[41, 23, 60]",3,"{26, 10, 27}","{26: 1, 10: 1, 27: 1}",102.28571428571428,105.28571428571428,"[41, 3, 4]",3,7,112,48,0.11234879493713379,0.12273693084716797,0.1073760986328125,productivity (11),6
3,2,"{26, 10, 27}","{26: 1, 10: 1, 27: 1}",104.71428571428571,"{26, 10, 27}","{26: 1, 10: 1, 27: 1}",104.71428571428571,105.71428571428571,"[41, 23]",2,"{26, 10, 27}","{26: 1, 10: 1, 27: 1}",103.28571428571428,105.28571428571428,"[41, 3]",2,7,112,48,0.12426495552062988,0.11379885673522949,0.10737395286560059,productivity (11),6
3,1,"{26, 10, 27}","{26: 1, 10: 1, 27: 1}",104.71428571428571,"{26, 10, 27}","{26: 1, 10: 1, 27: 1}",104.71428571428571,105.28571428571428,[41],1,"{35, 26, 27}","{35: 1, 26: 1, 27: 1}",104.28571428571429,105.28571428571429,[41],1,7,112,48,0.11727571487426758,0.10333991050720215,0.11893677711486816,productivity (11),6
3,0,"{26, 10, 27}","{26: 1, 10: 1, 27: 1}",104.71428571428571,"{26, 10, 27}","{26: 1, 10: 1, 27: 1}",104.71428571428571,104.71428571428571,[],0,"{26, 10, 27}","{26: 1, 10: 1, 27: 1}",104.71428571428571,104.71428571428571,[],0,7,112,48,0.11855006217956543,0.12886500358581543,0.10994601249694824,productivity (11),6
4,4,"{26, 10, 27, 36}","{26: 1, 10: 1, 27: 1, 36: 1}",108.28571428571429,"{26, 10, 27, 36}","{26: 1, 10: 1, 27: 1, 36: 1}",108.28571428571429,109.85714285714286,"[41, 60, 10, 13]",4,"{26, 10, 27, 36}","{26: 1, 10: 1, 27: 1, 36: 1}",104.85714285714285,108.85714285714285,"[41, 3, 4, 19]",4,7,112,48,0.1410198211669922,0.17070412635803223,0.13698220252990723,productivity (11),6
4,3,"{26, 10, 27, 36}","{26: 1, 10: 1, 27: 1, 36: 1}",108.28571428571429,"{26, 10, 27, 36}","{26: 1, 10: 1, 27: 1, 36: 1}",108.28571428571429,109.57142857142858,"[41, 60, 10]",3,"{26, 10, 27, 36}","{26: 1, 10: 1, 27: 1, 36: 1}",105.85714285714286,108.85714285714286,"[41, 3, 4]",3,7,112,48,0.14292311668395996,0.15942978858947754,0.18813800811767578,productivity (11),6
4,2,"{26, 10, 27, 36}","{26: 1, 10: 1, 27: 1, 36: 1}",108.28571428571429,"{26, 10, 27, 36}","{26: 1, 10: 1, 27: 1, 36: 1}",108.28571428571429,109.28571428571429,"[41, 60]",2,"{26, 10, 27, 36}","{26: 1, 10: 1, 27: 1, 36: 1}",106.85714285714286,108.85714285714286,"[41, 3]",2,7,112,48,0.14663195610046387,0.1437692642211914,0.14724993705749512,productivity (11),6
4,1,"{26, 10, 27, 36}","{26: 1, 10: 1, 27: 1, 36: 1}",108.28571428571429,"{26, 10, 27, 36}","{26: 1, 10: 1, 27: 1, 36: 1}",108.28571428571429,108.85714285714286,[41],1,"{35, 26, 27, 36}","{35: 1, 26: 1, 27: 1, 36: 1}",107.85714285714286,108.85714285714286,[41],1,7,112,48,0.17376184463500977,0.15171408653259277,0.15635991096496582,productivity (11),6
4,0,"{26, 10, 27, 36}","{26: 1, 10: 1, 27: 1, 36: 1}",108.28571428571429,"{26, 10, 27, 36}","{26: 1, 10: 1, 27: 1, 36: 1}",108.28571428571429,108.28571428571429,[],0,"{26, 10, 27, 36}","{26: 1, 10: 1, 27: 1, 36: 1}",108.28571428571429,108.28571428571429,[],0,7,112,48,0.18056106567382812,0.17604398727416992,0.15023064613342285,productivity (11),6
5,4,"{1, 36, 10, 26, 27}","{1: 1, 36: 1, 10: 1, 26: 1, 27: 1}",110.57142857142857,"{1, 36, 10, 26, 27}","{1: 1, 36: 1, 10: 1, 26: 1, 27: 1}",110.57142857142857,112.0,"[41, 10, 25, 103]",4,"{1, 36, 10, 26, 27}","{1: 1, 36: 1, 10: 1, 26: 1, 27: 1}",107.14285714285714,111.14285714285714,"[41, 3, 4, 19]",4,7,112,48,0.1830756664276123,0.1864759922027588,0.1807711124420166,productivity (11),6
5,3,"{1, 36, 10, 26, 27}","{1: 1, 36: 1, 10: 1, 26: 1, 27: 1}",110.57142857142857,"{1, 36, 10, 26, 27}","{1: 1, 36: 1, 10: 1, 26: 1, 27: 1}",110.57142857142857,111.71428571428571,"[41, 10, 25]",3,"{1, 36, 10, 26, 27}","{1: 1, 36: 1, 10: 1, 26: 1, 27: 1}",108.14285714285714,111.14285714285714,"[41, 3, 4]",3,7,112,48,0.2122199535369873,0.2244129180908203,0.1739027500152588,productivity (11),6
5,2,"{1, 36, 10, 26, 27}","{1: 1, 36: 1, 10: 1, 26: 1, 27: 1}",110.57142857142857,"{1, 36, 10, 26, 27}","{1: 1, 36: 1, 10: 1, 26: 1, 27: 1}",110.57142857142857,111.42857142857143,"[41, 10]",2,"{1, 36, 10, 26, 27}","{1: 1, 36: 1, 10: 1, 26: 1, 27: 1}",109.14285714285714,111.14285714285714,"[41, 3]",2,7,112,48,0.19444680213928223,0.1943511962890625,0.18407607078552246,productivity (11),6
5,1,"{1, 36, 10, 26, 27}","{1: 1, 36: 1, 10: 1, 26: 1, 27: 1}",110.57142857142857,"{1, 36, 10, 26, 27}","{1: 1, 36: 1, 10: 1, 26: 1, 27: 1}",110.57142857142857,111.14285714285714,[41],1,"{1, 35, 36, 26, 27}","{1: 1, 35: 1, 36: 1, 26: 1, 27: 1}",110.28571428571429,111.28571428571429,[41],1,7,112,48,0.22873902320861816,0.17641806602478027,0.20747709274291992,productivity (11),6
5,0,"{1, 36, 10, 26, 27}","{1: 1, 36: 1, 10: 1, 26: 1, 27: 1}",110.57142857142857,"{1, 36, 10, 26, 27}","{1: 1, 36: 1, 10: 1, 26: 1, 27: 1}",110.57142857142857,110.57142857142857,[],0,"{1, 36, 10, 26, 27}","{1: 1, 36: 1, 10: 1, 26: 1, 27: 1}",110.57142857142857,110.57142857142857,[],0,7,112,48,0.1910407543182373,0.1908872127532959,0.2324979305267334,productivity (11),6
1,4,{27},{27: 1},95.25,{27},{27: 1},95.25,97.0,"[41, 74, 3, 4]",4,{27},{27: 1},92.25,96.25,"[41, 43, 46, 74]",4,8,112,48,0.041072845458984375,0.03608584403991699,0.041348934173583984,productivity (11),7
1,3,{27},{27: 1},95.25,{27},{27: 1},95.25,96.625,"[41, 74, 3]",3,{27},{27: 1},92.75,95.75,"[41, 43, 46]",3,8,112,48,0.04256010055541992,0.04164290428161621,0.03874993324279785,productivity (11),7
1,2,{27},{27: 1},95.25,{27},{27: 1},95.25,96.25,"[41, 74]",2,{27},{27: 1},93.75,95.75,"[41, 43]",2,8,112,48,0.04381370544433594,0.040059804916381836,0.04342818260192871,productivity (11),7
1,1,{27},{27: 1},95.25,{27},{27: 1},95.25,95.75,[41],1,{27},{27: 1},94.75,95.75,[41],1,8,112,48,0.050158023834228516,0.04490303993225098,0.04297494888305664,productivity (11),7
1,0,{27},{27: 1},95.25,{27},{27: 1},95.25,95.25,[],0,{27},{27: 1},95.25,95.25,[],0,8,112,48,0.041300296783447266,0.046727895736694336,0.05059003829956055,productivity (11),7
2,4,"{10, 27}","{10: 1, 27: 1}",102.125,"{10, 27}","{10: 1, 27: 1}",102.125,103.875,"[41, 74, 3, 4]",4,"{10, 27}","{10: 1, 27: 1}",99.125,103.125,"[41, 43, 46, 74]",4,8,112,48,0.08593058586120605,0.08088111877441406,0.08107495307922363,productivity (11),7
2,3,"{10, 27}","{10: 1, 27: 1}",102.125,"{10, 27}","{10: 1, 27: 1}",102.125,103.5,"[41, 74, 3]",3,"{10, 27}","{10: 1, 27: 1}",99.625,102.625,"[41, 43, 46]",3,8,112,48,0.1064140796661377,0.08156275749206543,0.07648015022277832,productivity (11),7
2,2,"{10, 27}","{10: 1, 27: 1}",102.125,"{10, 27}","{10: 1, 27: 1}",102.125,103.125,"[41, 74]",2,"{10, 27}","{10: 1, 27: 1}",100.625,102.625,"[41, 43]",2,8,112,48,0.07804083824157715,0.08106112480163574,0.08049988746643066,productivity (11),7
2,1,"{10, 27}","{10: 1, 27: 1}",102.125,"{10, 27}","{10: 1, 27: 1}",102.125,102.625,[41],1,"{10, 27}","{10: 1, 27: 1}",101.625,102.625,[41],1,8,112,48,0.07636809349060059,0.08387112617492676,0.0810999870300293,productivity (11),7
2,0,"{10, 27}","{10: 1, 27: 1}",102.125,"{10, 27}","{10: 1, 27: 1}",102.125,102.125,[],0,"{10, 27}","{10: 1, 27: 1}",102.125,102.125,[],0,8,112,48,0.07897400856018066,0.0846710205078125,0.09034895896911621,productivity (11),7
3,4,"{26, 10, 27}","{26: 1, 10: 1, 27: 1}",107.0,"{26, 10, 27}","{26: 1, 10: 1, 27: 1}",107.0,108.375,"[41, 60, 7, 13]",4,"{26, 10, 27}","{26: 1, 10: 1, 27: 1}",103.5,107.5,"[41, 43, 46, 74]",4,8,112,48,0.12261795997619629,0.12305521965026855,0.12964582443237305,productivity (11),7
3,3,"{26, 10, 27}","{26: 1, 10: 1, 27: 1}",107.0,"{26, 10, 27}","{26: 1, 10: 1, 27: 1}",107.0,108.125,"[41, 60, 7]",3,"{26, 10, 27}","{26: 1, 10: 1, 27: 1}",104.5,107.5,"[41, 43, 46]",3,8,112,48,0.11559605598449707,0.1168360710144043,0.11446881294250488,productivity (11),7
3,2,"{26, 10, 27}","{26: 1, 10: 1, 27: 1}",107.0,"{26, 10, 27}","{26: 1, 10: 1, 27: 1}",107.0,107.875,"[41, 60]",2,"{26, 10, 27}","{26: 1, 10: 1, 27: 1}",105.5,107.5,"[41, 43]",2,8,112,48,0.11767721176147461,0.11381196975708008,0.11601901054382324,productivity (11),7
3,1,"{26, 10, 27}","{26: 1, 10: 1, 27: 1}",107.0,"{26, 10, 27}","{26: 1, 10: 1, 27: 1}",107.0,107.5,[41],1,"{26, 10, 27}","{26: 1, 10: 1, 27: 1}",106.5,107.5,[41],1,8,112,48,0.11841893196105957,0.11587095260620117,0.1261277198791504,productivity (11),7
3,0,"{26, 10, 27}","{26: 1, 10: 1, 27: 1}",107.0,"{26, 10, 27}","{26: 1, 10: 1, 27: 1}",107.0,107.0,[],0,"{26, 10, 27}","{26: 1, 10: 1, 27: 1}",107.0,107.0,[],0,8,112,48,0.12110185623168945,0.1133413314819336,0.11558675765991211,productivity (11),7
4,4,"{26, 9, 10, 27}","{26: 1, 9: 1, 10: 1, 27: 1}",109.25,"{26, 9, 10, 27}","{26: 1, 9: 1, 10: 1, 27: 1}",109.25,110.5,"[41, 7, 15, 25]",4,"{26, 9, 10, 27}","{26: 1, 9: 1, 10: 1, 27: 1}",105.75,109.75,"[41, 43, 46, 74]",4,8,112,48,0.17735910415649414,0.22254586219787598,0.1591479778289795,productivity (11),7
4,3,"{26, 9, 10, 27}","{26: 1, 9: 1, 10: 1, 27: 1}",109.25,"{26, 9, 10, 27}","{26: 1, 9: 1, 10: 1, 27: 1}",109.25,110.25,"[41, 7, 15]",3,"{26, 9, 10, 27}","{26: 1, 9: 1, 10: 1, 27: 1}",106.75,109.75,"[41, 43, 46]",3,8,112,48,0.16350507736206055,0.16515493392944336,0.16066622734069824,productivity (11),7
4,2,"{26, 9, 10, 27}","{26: 1, 9: 1, 10: 1, 27: 1}",109.25,"{26, 9, 10, 27}","{26: 1, 9: 1, 10: 1, 27: 1}",109.25,110.0,"[41, 7]",2,"{26, 9, 10, 27}","{26: 1, 9: 1, 10: 1, 27: 1}",107.75,109.75,"[41, 43]",2,8,112,48,0.16574907302856445,0.1734459400177002,0.1797640323638916,productivity (11),7
4,1,"{26, 9, 10, 27}","{26: 1, 9: 1, 10: 1, 27: 1}",109.25,"{26, 9, 10, 27}","{26: 1, 9: 1, 10: 1, 27: 1}",109.25,109.75,[41],1,"{26, 9, 10, 27}","{26: 1, 9: 1, 10: 1, 27: 1}",108.75,109.75,[41],1,8,112,48,0.14692926406860352,0.15331602096557617,0.16367220878601074,productivity (11),7
4,0,"{26, 9, 10, 27}","{26: 1, 9: 1, 10: 1, 27: 1}",109.25,"{26, 9, 10, 27}","{26: 1, 9: 1, 10: 1, 27: 1}",109.25,109.25,[],0,"{26, 9, 10, 27}","{26: 1, 9: 1, 10: 1, 27: 1}",109.25,109.25,[],0,8,112,48,0.17052698135375977,0.1485297679901123,0.15419888496398926,productivity (11),7
5,4,"{9, 10, 20, 26, 27}","{9: 1, 10: 1, 20: 1, 26: 1, 27: 1}",111.5,"{9, 10, 20, 26, 27}","{9: 1, 10: 1, 20: 1, 26: 1, 27: 1}",111.5,112.0,[41],1,"{9, 10, 20, 26, 27}","{9: 1, 10: 1, 20: 1, 26: 1, 27: 1}",108.0,112.0,"[41, 43, 46, 74]",4,8,112,48,0.19112133979797363,0.19167828559875488,0.1856827735900879,productivity (11),7
5,3,"{9, 10, 20, 26, 27}","{9: 1, 10: 1, 20: 1, 26: 1, 27: 1}",111.5,"{9, 10, 20, 26, 27}","{9: 1, 10: 1, 20: 1, 26: 1, 27: 1}",111.5,112.0,[41],1,"{9, 10, 20, 26, 27}","{9: 1, 10: 1, 20: 1, 26: 1, 27: 1}",109.0,112.0,"[41, 43, 46]",3,8,112,48,0.19668817520141602,0.18963408470153809,0.19127798080444336,productivity (11),7
5,2,"{9, 10, 20, 26, 27}","{9: 1, 10: 1, 20: 1, 26: 1, 27: 1}",111.5,"{9, 10, 20, 26, 27}","{9: 1, 10: 1, 20: 1, 26: 1, 27: 1}",111.5,112.0,[41],1,"{9, 10, 20, 26, 27}","{9: 1, 10: 1, 20: 1, 26: 1, 27: 1}",110.0,112.0,"[41, 43]",2,8,112,48,0.21350407600402832,0.19888877868652344,0.1994609832763672,productivity (11),7
5,1,"{9, 10, 20, 26, 27}","{9: 1, 10: 1, 20: 1, 26: 1, 27: 1}",111.5,"{9, 10, 20, 26, 27}","{9: 1, 10: 1, 20: 1, 26: 1, 27: 1}",111.5,112.0,[41],1,"{9, 10, 20, 26, 27}","{9: 1, 10: 1, 20: 1, 26: 1, 27: 1}",111.0,112.0,[41],1,8,112,48,0.19508695602416992,0.19315505027770996,0.18277621269226074,productivity (11),7
5,0,"{9, 10, 20, 26, 27}","{9: 1, 10: 1, 20: 1, 26: 1, 27: 1}",111.5,"{9, 10, 20, 26, 27}","{9: 1, 10: 1, 20: 1, 26: 1, 27: 1}",111.5,111.5,[],0,"{9, 10, 20, 26, 27}","{9: 1, 10: 1, 20: 1, 26: 1, 27: 1}",111.5,111.5,[],0,8,112,48,0.18335604667663574,0.18309807777404785,0.19487905502319336,productivity (11),7
1,4,{27},{27: 1},96.3333333333333,{27},{27: 1},96.3333333333333,98.11111111111107,"[3, 32, 41, 74]",4,{27},{27: 1},93.66666666666664,97.66666666666664,"[43, 3, 32, 41]",4,9,112,48,0.050605058670043945,0.05416393280029297,0.04428291320800781,productivity (11),8
1,3,{27},{27: 1},96.3333333333333,{27},{27: 1},96.3333333333333,97.66666666666663,"[3, 32, 41]",3,{27},{27: 1},94.22222222222219,97.22222222222219,"[43, 3, 32]",3,9,112,48,0.04330301284790039,0.04309511184692383,0.040112972259521484,productivity (11),8
1,2,{27},{27: 1},96.3333333333333,{27},{27: 1},96.3333333333333,97.22222222222219,"[3, 32]",2,{27},{27: 1},94.77777777777774,96.77777777777774,"[43, 3]",2,9,112,48,0.04688882827758789,0.047371864318847656,0.04375720024108887,productivity (11),8
1,1,{27},{27: 1},96.3333333333333,{27},{27: 1},96.3333333333333,96.77777777777774,[3],1,{27},{27: 1},95.3333333333333,96.3333333333333,[43],1,9,112,48,0.0458831787109375,0.04354691505432129,0.04353809356689453,productivity (11),8
1,0,{27},{27: 1},96.3333333333333,{27},{27: 1},96.3333333333333,96.3333333333333,[],0,{27},{27: 1},96.3333333333333,96.3333333333333,[],0,9,112,48,0.044191837310791016,0.042144060134887695,0.043901920318603516,productivity (11),8
2,4,"{26, 27}","{26: 1, 27: 1}",103.33333333333327,"{26, 27}","{26: 1, 27: 1}",103.33333333333327,104.77777777777771,"[41, 21, 39, 60]",4,"{1, 27}","{1: 1, 27: 1}",100.55555555555553,104.55555555555553,"[43, 3, 32, 41]",4,9,112,48,0.09391307830810547,0.08694291114807129,0.08555173873901367,productivity (11),8
2,3,"{26, 27}","{26: 1, 27: 1}",103.33333333333327,"{26, 27}","{26: 1, 27: 1}",103.33333333333327,104.44444444444439,"[41, 21, 39]",3,"{1, 27}","{1: 1, 27: 1}",101.11111111111107,104.11111111111107,"[43, 3, 32]",3,9,112,48,0.08574700355529785,0.07804107666015625,0.0809328556060791,productivity (11),8
2,2,"{26, 27}","{26: 1, 27: 1}",103.33333333333327,"{26, 27}","{26: 1, 27: 1}",103.33333333333327,104.11111111111104,"[41, 21]",2,"{1, 27}","{1: 1, 27: 1}",101.66666666666664,103.66666666666664,"[43, 3]",2,9,112,48,0.08089184761047363,0.07231307029724121,0.08008074760437012,productivity (11),8
2,1,"{26, 27}","{26: 1, 27: 1}",103.33333333333327,"{26, 27}","{26: 1, 27: 1}",103.33333333333327,103.77777777777771,[41],1,"{26, 27}","{26: 1, 27: 1}",102.33333333333327,103.33333333333327,[43],1,9,112,48,0.08198809623718262,0.07935881614685059,0.08559799194335938,productivity (11),8
2,0,"{26, 27}","{26: 1, 27: 1}",103.33333333333327,"{26, 27}","{26: 1, 27: 1}",103.33333333333327,103.33333333333327,[],0,"{26, 27}","{26: 1, 27: 1}",103.33333333333327,103.33333333333327,[],0,9,112,48,0.07552480697631836,0.09333276748657227,0.08948493003845215,productivity (11),8
3,4,"{10, 26, 27}","{10: 1, 26: 1, 27: 1}",108.2222222222222,"{10, 26, 27}","{10: 1, 26: 1, 27: 1}",108.2222222222222,109.44444444444443,"[41, 60, 7, 8]",4,"{16, 1, 27}","{16: 1, 1: 1, 27: 1}",103.88888888888883,107.88888888888883,"[43, 3, 32, 41]",4,9,112,48,0.11203670501708984,0.12287092208862305,0.12008309364318848,productivity (11),8
3,3,"{10, 26, 27}","{10: 1, 26: 1, 27: 1}",108.2222222222222,"{10, 26, 27}","{10: 1, 26: 1, 27: 1}",108.2222222222222,109.2222222222222,"[41, 60, 7]",3,"{16, 1, 27}","{16: 1, 1: 1, 27: 1}",104.4444444444444,107.4444444444444,"[43, 3, 32]",3,9,112,48,0.11472892761230469,0.12534189224243164,0.11921310424804688,productivity (11),8
3,2,"{10, 26, 27}","{10: 1, 26: 1, 27: 1}",108.2222222222222,"{10, 26, 27}","{10: 1, 26: 1, 27: 1}",108.2222222222222,108.99999999999997,"[41, 60]",2,"{16, 1, 27}","{16: 1, 1: 1, 27: 1}",105.4444444444444,107.4444444444444,"[43, 3]",2,9,112,48,0.11759018898010254,0.12912893295288086,0.1217031478881836,productivity (11),8
3,1,"{10, 26, 27}","{10: 1, 26: 1, 27: 1}",108.2222222222222,"{10, 26, 27}","{10: 1, 26: 1, 27: 1}",108.2222222222222,108.66666666666664,[41],1,"{10, 26, 27}","{10: 1, 26: 1, 27: 1}",107.2222222222222,108.2222222222222,[43],1,9,112,48,0.1095731258392334,0.12229299545288086,0.12709689140319824,productivity (11),8
3,0,"{10, 26, 27}","{10: 1, 26: 1, 27: 1}",108.2222222222222,"{10, 26, 27}","{10: 1, 26: 1, 27: 1}",108.2222222222222,108.2222222222222,[],0,"{10, 26, 27}","{10: 1, 26: 1, 27: 1}",108.2222222222222,108.2222222222222,[],0,9,112,48,0.11957597732543945,0.1169271469116211,0.12166190147399902,productivity (11),8
4,4,"{10, 26, 27, 20}","{10: 1, 26: 1, 27: 1, 20: 1}",110.11111111111111,"{10, 26, 27, 20}","{10: 1, 26: 1, 27: 1, 20: 1}",110.11111111111111,111.33333333333334,"[41, 60, 13, 22]",4,"{16, 1, 10, 27}","{16: 1, 1: 1, 10: 1, 27: 1}",106.1111111111111,110.1111111111111,"[43, 3, 32, 41]",4,9,112,48,0.1820237636566162,0.17730212211608887,0.1606299877166748,productivity (11),8
4,3,"{10, 26, 27, 20}","{10: 1, 26: 1, 27: 1, 20: 1}",110.11111111111111,"{10, 26, 27, 20}","{10: 1, 26: 1, 27: 1, 20: 1}",110.11111111111111,111.11111111111111,"[41, 60, 13]",3,"{16, 1, 10, 27}","{16: 1, 1: 1, 10: 1, 27: 1}",106.66666666666666,109.66666666666666,"[43, 3, 32]",3,9,112,48,0.17804718017578125,0.17728376388549805,0.1687631607055664,productivity (11),8
4,2,"{10, 26, 27, 20}","{10: 1, 26: 1, 27: 1, 20: 1}",110.11111111111111,"{10, 26, 27, 20}","{10: 1, 26: 1, 27: 1, 20: 1}",110.11111111111111,110.88888888888889,"[41, 60]",2,"{16, 1, 10, 27}","{16: 1, 1: 1, 10: 1, 27: 1}",107.66666666666666,109.66666666666666,"[43, 3]",2,9,112,48,0.1795802116394043,0.17673301696777344,0.17835474014282227,productivity (11),8
4,1,"{10, 26, 27, 20}","{10: 1, 26: 1, 27: 1, 20: 1}",110.11111111111111,"{10, 26, 27, 20}","{10: 1, 26: 1, 27: 1, 20: 1}",110.11111111111111,110.55555555555556,[41],1,"{10, 26, 27, 20}","{10: 1, 26: 1, 27: 1, 20: 1}",109.11111111111111,110.11111111111111,[43],1,9,112,48,0.17313194274902344,0.24528908729553223,0.16348505020141602,productivity (11),8
4,0,"{10, 26, 27, 20}","{10: 1, 26: 1, 27: 1, 20: 1}",110.11111111111111,"{10, 26, 27, 20}","{10: 1, 26: 1, 27: 1, 20: 1}",110.11111111111111,110.11111111111111,[],0,"{10, 26, 27, 20}","{10: 1, 26: 1, 27: 1, 20: 1}",110.11111111111111,110.11111111111111,[],0,9,112,48,0.15893197059631348,0.16469192504882812,0.17557716369628906,productivity (11),8
5,4,"{9, 10, 20, 26, 27}","{9: 1, 10: 1, 20: 1, 26: 1, 27: 1}",112.0,"{9, 10, 20, 26, 27}","{9: 1, 10: 1, 20: 1, 26: 1, 27: 1}",112.0,112.0,[],0,"{1, 10, 16, 20, 27}","{1: 1, 10: 1, 16: 1, 20: 1, 27: 1}",108.0,112.0,"[43, 3, 32, 41]",4,9,112,48,0.21299409866333008,0.22986221313476562,0.20289087295532227,productivity (11),8
5,3,"{9, 10, 20, 26, 27}","{9: 1, 10: 1, 20: 1, 26: 1, 27: 1}",112.0,"{9, 10, 20, 26, 27}","{9: 1, 10: 1, 20: 1, 26: 1, 27: 1}",112.0,112.0,[],0,"{1, 10, 16, 20, 27}","{1: 1, 10: 1, 16: 1, 20: 1, 27: 1}",108.55555555555556,111.55555555555556,"[43, 3, 32]",3,9,112,48,0.20500493049621582,0.20904922485351562,0.1948859691619873,productivity (11),8
5,2,"{9, 10, 20, 26, 27}","{9: 1, 10: 1, 20: 1, 26: 1, 27: 1}",112.0,"{9, 10, 20, 26, 27}","{9: 1, 10: 1, 20: 1, 26: 1, 27: 1}",112.0,112.0,[],0,"{1, 10, 16, 20, 27}","{1: 1, 10: 1, 16: 1, 20: 1, 27: 1}",109.55555555555556,111.55555555555556,"[43, 3]",2,9,112,48,0.19905924797058105,0.2055039405822754,0.20234894752502441,productivity (11),8
5,1,"{9, 10, 20, 26, 27}","{9: 1, 10: 1, 20: 1, 26: 1, 27: 1}",112.0,"{9, 10, 20, 26, 27}","{9: 1, 10: 1, 20: 1, 26: 1, 27: 1}",112.0,112.0,[],0,"{9, 10, 20, 26, 27}","{9: 1, 10: 1, 20: 1, 26: 1, 27: 1}",111.0,112.0,[43],1,9,112,48,0.2136540412902832,0.2214641571044922,0.22509288787841797,productivity (11),8
5,0,"{9, 10, 20, 26, 27}","{9: 1, 10: 1, 20: 1, 26: 1, 27: 1}",112.0,"{9, 10, 20, 26, 27}","{9: 1, 10: 1, 20: 1, 26: 1, 27: 1}",112.0,112.0,[],0,"{9, 10, 20, 26, 27}","{9: 1, 10: 1, 20: 1, 26: 1, 27: 1}",112.0,112.0,[],0,9,112,48,0.2265031337738037,0.2153029441833496,0.22024273872375488,productivity (11),8
1,4,{27},{27: 1},98.69999999999997,{27},{27: 1},98.69999999999997,100.29999999999997,"[3, 32, 41, 74]",4,{27},{27: 1},95.89999999999999,99.89999999999999,"[43, 3, 32, 41]",4,10,112,48,0.04714798927307129,0.050969839096069336,0.04733705520629883,productivity (11),9
1,3,{27},{27: 1},98.69999999999997,{27},{27: 1},98.69999999999997,99.89999999999998,"[3, 32, 41]",3,{27},{27: 1},96.49999999999999,99.49999999999999,"[43, 3, 32]",3,10,112,48,0.04934406280517578,0.04830622673034668,0.045989990234375,productivity (11),9
1,2,{27},{27: 1},98.69999999999997,{27},{27: 1},98.69999999999997,99.49999999999997,"[3, 32]",2,{27},{27: 1},97.1,99.1,"[43, 3]",2,10,112,48,0.04862213134765625,0.05107426643371582,0.05286288261413574,productivity (11),9
1,1,{27},{27: 1},98.69999999999997,{27},{27: 1},98.69999999999997,99.09999999999998,[3],1,{27},{27: 1},97.69999999999999,98.69999999999999,[43],1,10,112,48,0.0504302978515625,0.0483698844909668,0.045408010482788086,productivity (11),9
1,0,{27},{27: 1},98.69999999999997,{27},{27: 1},98.69999999999997,98.69999999999997,[],0,{27},{27: 1},98.69999999999997,98.69999999999997,[],0,10,112,48,0.04357600212097168,0.04988694190979004,0.05318093299865723,productivity (11),9
2,4,"{1, 27}","{1: 1, 27: 1}",106.0,"{1, 27}","{1: 1, 27: 1}",106.0,107.6,"[3, 32, 41, 96]",4,"{1, 27}","{1: 1, 27: 1}",103.19999999999999,107.19999999999999,"[43, 3, 32, 41]",4,10,112,48,0.09694790840148926,0.09388327598571777,0.08214473724365234,productivity (11),9
2,3,"{1, 27}","{1: 1, 27: 1}",106.0,"{1, 27}","{1: 1, 27: 1}",106.0,107.2,"[3, 32, 41]",3,"{1, 27}","{1: 1, 27: 1}",103.79999999999998,106.79999999999998,"[43, 3, 32]",3,10,112,48,0.09067392349243164,0.09908318519592285,0.08856606483459473,productivity (11),9
2,2,"{1, 27}","{1: 1, 27: 1}",106.0,"{1, 27}","{1: 1, 27: 1}",106.0,106.8,"[3, 32]",2,"{1, 27}","{1: 1, 27: 1}",104.39999999999999,106.39999999999999,"[43, 3]",2,10,112,48,0.09215307235717773,0.0878608226776123,0.08385491371154785,productivity (11),9
2,1,"{1, 27}","{1: 1, 27: 1}",106.0,"{1, 27}","{1: 1, 27: 1}",106.0,106.4,[3],1,"{1, 27}","{1: 1, 27: 1}",105.0,106.0,[43],1,10,112,48,0.08612489700317383,0.08870697021484375,0.09100008010864258,productivity (11),9
2,0,"{1, 27}","{1: 1, 27: 1}",106.0,"{1, 27}","{1: 1, 27: 1}",106.0,106.0,[],0,"{1, 27}","{1: 1, 27: 1}",106.0,106.0,[],0,10,112,48,0.0867161750793457,0.08934402465820312,0.09052705764770508,productivity (11),9
3,4,"{16, 1, 27}","{16: 1, 1: 1, 27: 1}",109.5,"{16, 1, 27}","{16: 1, 1: 1, 27: 1}",109.5,110.7,"[41, 39, 77, 9]",4,"{1, 10, 27}","{1: 1, 10: 1, 27: 1}",106.2,110.2,"[43, 3, 32, 41]",4,10,112,48,0.1295943260192871,0.12496185302734375,0.12312698364257812,productivity (11),9
3,3,"{16, 1, 27}","{16: 1, 1: 1, 27: 1}",109.5,"{16, 1, 27}","{16: 1, 1: 1, 27: 1}",109.5,110.5,"[41, 39, 77]",3,"{1, 10, 27}","{1: 1, 10: 1, 27: 1}",106.8,109.8,"[43, 3, 32]",3,10,112,48,0.13831400871276855,0.12511205673217773,0.12695908546447754,productivity (11),9
3,2,"{16, 1, 27}","{16: 1, 1: 1, 27: 1}",109.5,"{16, 1, 27}","{16: 1, 1: 1, 27: 1}",109.5,110.2,"[41, 39]",2,"{16, 1, 27}","{16: 1, 1: 1, 27: 1}",107.5,109.5,"[43, 3]",2,10,112,48,0.1312851905822754,0.12432694435119629,0.1321861743927002,productivity (11),9
3,1,"{16, 1, 27}","{16: 1, 1: 1, 27: 1}",109.5,"{16, 1, 27}","{16: 1, 1: 1, 27: 1}",109.5,109.9,[41],1,"{16, 1, 27}","{16: 1, 1: 1, 27: 1}",108.5,109.5,[43],1,10,112,48,0.14363384246826172,0.14657998085021973,0.13259506225585938,productivity (11),9
3,0,"{16, 1, 27}","{16: 1, 1: 1, 27: 1}",109.5,"{16, 1, 27}","{16: 1, 1: 1, 27: 1}",109.5,109.5,[],0,"{16, 1, 27}","{16: 1, 1: 1, 27: 1}",109.5,109.5,[],0,10,112,48,0.12836027145385742,0.1348400115966797,0.13286614418029785,productivity (11),9
4,4,"{16, 1, 27, 35}","{16: 1, 1: 1, 27: 1, 35: 1}",111.3,"{16, 1, 27, 35}","{16: 1, 1: 1, 27: 1, 35: 1}",111.3,112.0,"[77, 57, 79]",3,"{16, 1, 10, 27}","{16: 1, 1: 1, 10: 1, 27: 1}",107.5,111.5,"[43, 3, 32, 41]",4,10,112,48,0.2027430534362793,0.2010030746459961,0.16570377349853516,productivity (11),9
4,3,"{16, 1, 27, 35}","{16: 1, 1: 1, 27: 1, 35: 1}",111.3,"{16, 1, 27, 35}","{16: 1, 1: 1, 27: 1, 35: 1}",111.3,112.0,"[77, 57, 79]",3,"{16, 1, 10, 27}","{16: 1, 1: 1, 10: 1, 27: 1}",108.10000000000001,111.10000000000001,"[43, 3, 32]",3,10,112,48,0.17798399925231934,0.1774759292602539,0.1660780906677246,productivity (11),9
4,2,"{16, 1, 27, 35}","{16: 1, 1: 1, 27: 1, 35: 1}",111.3,"{16, 1, 27, 35}","{16: 1, 1: 1, 27: 1, 35: 1}",111.3,111.8,"[77, 57]",2,"{16, 1, 27, 35}","{16: 1, 1: 1, 27: 1, 35: 1}",109.3,111.3,"[43, 3]",2,10,112,48,0.17154884338378906,0.1765439510345459,0.17398810386657715,productivity (11),9
4,1,"{16, 1, 27, 35}","{16: 1, 1: 1, 27: 1, 35: 1}",111.3,"{16, 1, 27, 35}","{16: 1, 1: 1, 27: 1, 35: 1}",111.3,111.6,[77],1,"{16, 1, 27, 35}","{16: 1, 1: 1, 27: 1, 35: 1}",110.3,111.3,[43],1,10,112,48,0.17214512825012207,0.17201590538024902,0.17141008377075195,productivity (11),9
4,0,"{16, 1, 27, 35}","{16: 1, 1: 1, 27: 1, 35: 1}",111.3,"{16, 1, 27, 35}","{16: 1, 1: 1, 27: 1, 35: 1}",111.3,111.3,[],0,"{16, 1, 27, 35}","{16: 1, 1: 1, 27: 1, 35: 1}",111.3,111.3,[],0,10,112,48,0.16528725624084473,0.1695728302001953,0.16701507568359375,productivity (11),9
5,4,"{1, 35, 14, 16, 27}","{1: 1, 35: 1, 14: 1, 16: 1, 27: 1}",111.8,"{1, 35, 14, 16, 27}","{1: 1, 35: 1, 14: 1, 16: 1, 27: 1}",111.8,112.0,[79],1,"{1, 10, 14, 16, 27}","{1: 1, 10: 1, 14: 1, 16: 1, 27: 1}",108.0,112.0,"[43, 3, 32, 41]",4,10,112,48,0.21772193908691406,0.21526002883911133,0.1967780590057373,productivity (11),9
5,3,"{1, 35, 14, 16, 27}","{1: 1, 35: 1, 14: 1, 16: 1, 27: 1}",111.8,"{1, 35, 14, 16, 27}","{1: 1, 35: 1, 14: 1, 16: 1, 27: 1}",111.8,112.0,[79],1,"{1, 10, 14, 16, 27}","{1: 1, 10: 1, 14: 1, 16: 1, 27: 1}",108.6,111.6,"[43, 3, 32]",3,10,112,48,0.20443105697631836,0.2149491310119629,0.20664095878601074,productivity (11),9
5,2,"{1, 35, 14, 16, 27}","{1: 1, 35: 1, 14: 1, 16: 1, 27: 1}",111.8,"{1, 35, 14, 16, 27}","{1: 1, 35: 1, 14: 1, 16: 1, 27: 1}",111.8,112.0,[79],1,"{1, 35, 14, 16, 27}","{1: 1, 35: 1, 14: 1, 16: 1, 27: 1}",109.8,111.8,"[43, 3]",2,10,112,48,0.204758882522583,0.20494413375854492,0.21069979667663574,productivity (11),9
5,1,"{1, 35, 14, 16, 27}","{1: 1, 35: 1, 14: 1, 16: 1, 27: 1}",111.8,"{1, 35, 14, 16, 27}","{1: 1, 35: 1, 14: 1, 16: 1, 27: 1}",111.8,112.0,[79],1,"{1, 35, 14, 16, 27}","{1: 1, 35: 1, 14: 1, 16: 1, 27: 1}",110.8,111.8,[43],1,10,112,48,0.22401189804077148,0.21520090103149414,0.2133188247680664,productivity (11),9
5,0,"{1, 35, 14, 16, 27}","{1: 1, 35: 1, 14: 1, 16: 1, 27: 1}",111.8,"{1, 35, 14, 16, 27}","{1: 1, 35: 1, 14: 1, 16: 1, 27: 1}",111.8,111.8,[],0,"{1, 35, 14, 16, 27}","{1: 1, 35: 1, 14: 1, 16: 1, 27: 1}",111.8,111.8,[],0,10,112,48,0.22274398803710938,0.23221492767333984,0.223952054977417,productivity (11),9
