K,B,Sg,Sg_lbls,F(Sg),Sgb,Sgb_lbls,F(Sgb)b4B,F(Sgb),Boostedgb,usedBbudgetgb,Sbg,Sbg_lbls,F(Sbg)b4B,F(Sbg),Boostedbg,usedBbudgetbg,r,n,m,greedyTime,greedyBoostTime,boostGreedyTime,dataset,graphid
1,4,{32},{32: -1},5.0,{32},{32: -1},5.0,9.0,"[0, 1, 2, 3]",4,{32},{32: -1},5.0,9.0,"[0, 1, 2, 3]",4,4.0,224,6,0.0045549869537353516,0.004887819290161133,0.004907846450805664,studentportuguese (30),0
1,3,{32},{32: -1},5.0,{32},{32: -1},5.0,8.0,"[0, 1, 2]",3,{32},{32: -1},5.0,8.0,"[0, 1, 2]",3,4.0,224,6,0.004399776458740234,0.009836196899414062,0.005139827728271484,studentportuguese (30),0
1,2,{32},{32: -1},5.0,{32},{32: -1},5.0,7.0,"[0, 1]",2,{32},{32: -1},5.0,7.0,"[0, 1]",2,4.0,224,6,0.005468130111694336,0.006390810012817383,0.006947040557861328,studentportuguese (30),0
1,1,{32},{32: -1},5.0,{32},{32: -1},5.0,6.0,[0],1,{32},{32: -1},5.0,6.0,[0],1,4.0,224,6,0.007359027862548828,0.006741046905517578,0.005263805389404297,studentportuguese (30),0
1,0,{32},{32: -1},5.0,{32},{32: -1},5.0,5.0,[],0,{32},{32: -1},5.0,5.0,[],0,4.0,224,6,0.003980159759521484,0.004951953887939453,0.007681131362915039,studentportuguese (30),0
2,4,{32},{32: -1},5.0,{32},{32: -1},5.0,9.0,"[0, 1, 2, 3]",4,{32},{32: -1},5.0,9.0,"[0, 1, 2, 3]",4,4.0,224,6,0.009282827377319336,0.008496284484863281,0.007689952850341797,studentportuguese (30),0
2,3,{32},{32: -1},5.0,{32},{32: -1},5.0,8.0,"[0, 1, 2]",3,{32},{32: -1},5.0,8.0,"[0, 1, 2]",3,4.0,224,6,0.024080991744995117,0.008066892623901367,0.023219823837280273,studentportuguese (30),0
2,2,{32},{32: -1},5.0,{32},{32: -1},5.0,7.0,"[0, 1]",2,{32},{32: -1},5.0,7.0,"[0, 1]",2,4.0,224,6,0.009862184524536133,0.007976055145263672,0.011873006820678711,studentportuguese (30),0
2,1,{32},{32: -1},5.0,{32},{32: -1},5.0,6.0,[0],1,{32},{32: -1},5.0,6.0,[0],1,4.0,224,6,0.007276058197021484,0.00872492790222168,0.008848190307617188,studentportuguese (30),0
2,0,{32},{32: -1},5.0,{32},{32: -1},5.0,5.0,[],0,{32},{32: -1},5.0,5.0,[],0,4.0,224,6,0.008777856826782227,0.010232210159301758,0.007996797561645508,studentportuguese (30),0
3,4,{32},{32: -1},5.0,{32},{32: -1},5.0,9.0,"[0, 1, 2, 3]",4,{32},{32: -1},5.0,9.0,"[0, 1, 2, 3]",4,4.0,224,6,0.007338047027587891,0.00775599479675293,0.008081912994384766,studentportuguese (30),0
3,3,{32},{32: -1},5.0,{32},{32: -1},5.0,8.0,"[0, 1, 2]",3,{32},{32: -1},5.0,8.0,"[0, 1, 2]",3,4.0,224,6,0.008600234985351562,0.00814676284790039,0.008047103881835938,studentportuguese (30),0
3,2,{32},{32: -1},5.0,{32},{32: -1},5.0,7.0,"[0, 1]",2,{32},{32: -1},5.0,7.0,"[0, 1]",2,4.0,224,6,0.007069826126098633,0.008400917053222656,0.007776021957397461,studentportuguese (30),0
3,1,{32},{32: -1},5.0,{32},{32: -1},5.0,6.0,[0],1,{32},{32: -1},5.0,6.0,[0],1,4.0,224,6,0.007443904876708984,0.007657051086425781,0.007766008377075195,studentportuguese (30),0
3,0,{32},{32: -1},5.0,{32},{32: -1},5.0,5.0,[],0,{32},{32: -1},5.0,5.0,[],0,4.0,224,6,0.007401227951049805,0.007970094680786133,0.008131027221679688,studentportuguese (30),0
4,4,{32},{32: -1},5.0,{32},{32: -1},5.0,9.0,"[0, 1, 2, 3]",4,{32},{32: -1},5.0,9.0,"[0, 1, 2, 3]",4,4.0,224,6,0.007463932037353516,0.008671045303344727,0.007743120193481445,studentportuguese (30),0
4,3,{32},{32: -1},5.0,{32},{32: -1},5.0,8.0,"[0, 1, 2]",3,{32},{32: -1},5.0,8.0,"[0, 1, 2]",3,4.0,224,6,0.00736689567565918,0.007881879806518555,0.008179187774658203,studentportuguese (30),0
4,2,{32},{32: -1},5.0,{32},{32: -1},5.0,7.0,"[0, 1]",2,{32},{32: -1},5.0,7.0,"[0, 1]",2,4.0,224,6,0.007401227951049805,0.008059978485107422,0.007687807083129883,studentportuguese (30),0
4,1,{32},{32: -1},5.0,{32},{32: -1},5.0,6.0,[0],1,{32},{32: -1},5.0,6.0,[0],1,4.0,224,6,0.006841897964477539,0.008661985397338867,0.007883071899414062,studentportuguese (30),0
4,0,{32},{32: -1},5.0,{32},{32: -1},5.0,5.0,[],0,{32},{32: -1},5.0,5.0,[],0,4.0,224,6,0.005669116973876953,0.007970809936523438,0.008027076721191406,studentportuguese (30),0
5,4,{32},{32: -1},5.0,{32},{32: -1},5.0,9.0,"[0, 1, 2, 3]",4,{32},{32: -1},5.0,9.0,"[0, 1, 2, 3]",4,4.0,224,6,0.006914854049682617,0.008079051971435547,0.00667119026184082,studentportuguese (30),0
5,3,{32},{32: -1},5.0,{32},{32: -1},5.0,8.0,"[0, 1, 2]",3,{32},{32: -1},5.0,8.0,"[0, 1, 2]",3,4.0,224,6,0.0077250003814697266,0.007681131362915039,0.0075151920318603516,studentportuguese (30),0
5,2,{32},{32: -1},5.0,{32},{32: -1},5.0,7.0,"[0, 1]",2,{32},{32: -1},5.0,7.0,"[0, 1]",2,4.0,224,6,0.0074999332427978516,0.00803828239440918,0.00793766975402832,studentportuguese (30),0
5,1,{32},{32: -1},5.0,{32},{32: -1},5.0,6.0,[0],1,{32},{32: -1},5.0,6.0,[0],1,4.0,224,6,0.006999015808105469,0.0074520111083984375,0.006372928619384766,studentportuguese (30),0
5,0,{32},{32: -1},5.0,{32},{32: -1},5.0,5.0,[],0,{32},{32: -1},5.0,5.0,[],0,4.0,224,6,0.0061187744140625,0.00747227668762207,0.007859945297241211,studentportuguese (30),0
1,4,{7},{7: -1},21.416666666666664,{7},{7: -1},21.416666666666664,25.416666666666664,"[0, 1, 3, 4]",4,{7},{7: -1},21.416666666666664,25.416666666666664,"[0, 1, 3, 4]",4,4.5,224,22,0.014064788818359375,0.015012264251708984,0.019292831420898438,studentportuguese (30),1
1,3,{7},{7: -1},21.416666666666664,{7},{7: -1},21.416666666666664,24.416666666666664,"[0, 1, 3]",3,{7},{7: -1},21.416666666666664,24.416666666666664,"[0, 1, 3]",3,4.5,224,22,0.013971090316772461,0.01596689224243164,0.015458106994628906,studentportuguese (30),1
1,2,{7},{7: -1},21.416666666666664,{7},{7: -1},21.416666666666664,23.416666666666664,"[0, 1]",2,{7},{7: -1},21.416666666666664,23.416666666666664,"[0, 1]",2,4.5,224,22,0.014222145080566406,0.015809059143066406,0.015423059463500977,studentportuguese (30),1
1,1,{7},{7: -1},21.416666666666664,{7},{7: -1},21.416666666666664,22.416666666666664,[0],1,{7},{7: -1},21.416666666666664,22.416666666666664,[0],1,4.5,224,22,0.013379812240600586,0.014861106872558594,0.014683961868286133,studentportuguese (30),1
1,0,{7},{7: -1},21.416666666666664,{7},{7: -1},21.416666666666664,21.416666666666664,[],0,{7},{7: -1},21.416666666666664,21.416666666666664,[],0,4.5,224,22,0.013884782791137695,0.014840126037597656,0.014188766479492188,studentportuguese (30),1
2,4,"{41, 7}","{41: 1, 7: -1}",22.0,"{41, 7}","{41: 1, 7: -1}",22.0,26.0,"[0, 1, 3, 4]",4,"{41, 7}","{41: 1, 7: -1}",22.0,26.0,"[0, 1, 3, 4]",4,4.5,224,22,0.027150630950927734,0.026846885681152344,0.026740074157714844,studentportuguese (30),1
2,3,"{41, 7}","{41: 1, 7: -1}",22.0,"{41, 7}","{41: 1, 7: -1}",22.0,25.0,"[0, 1, 3]",3,"{41, 7}","{41: 1, 7: -1}",22.0,25.0,"[0, 1, 3]",3,4.5,224,22,0.028357982635498047,0.02817082405090332,0.024645328521728516,studentportuguese (30),1
2,2,"{41, 7}","{41: 1, 7: -1}",22.0,"{41, 7}","{41: 1, 7: -1}",22.0,24.0,"[0, 1]",2,"{41, 7}","{41: 1, 7: -1}",22.0,24.0,"[0, 1]",2,4.5,224,22,0.027056217193603516,0.0283658504486084,0.02680492401123047,studentportuguese (30),1
2,1,"{41, 7}","{41: 1, 7: -1}",22.0,"{41, 7}","{41: 1, 7: -1}",22.0,23.0,[0],1,"{41, 7}","{41: 1, 7: -1}",22.0,23.0,[0],1,4.5,224,22,0.025969266891479492,0.027448654174804688,0.026498079299926758,studentportuguese (30),1
2,0,"{41, 7}","{41: 1, 7: -1}",22.0,"{41, 7}","{41: 1, 7: -1}",22.0,22.0,[],0,"{41, 7}","{41: 1, 7: -1}",22.0,22.0,[],0,4.5,224,22,0.026018142700195312,0.02760601043701172,0.029022932052612305,studentportuguese (30),1
3,4,"{41, 7}","{41: 1, 7: -1}",22.0,"{41, 7}","{41: 1, 7: -1}",22.0,26.0,"[0, 1, 3, 4]",4,"{41, 7}","{41: 1, 7: -1}",22.0,26.0,"[0, 1, 3, 4]",4,4.5,224,22,0.06119394302368164,0.05362272262573242,0.055605173110961914,studentportuguese (30),1
3,3,"{41, 7}","{41: 1, 7: -1}",22.0,"{41, 7}","{41: 1, 7: -1}",22.0,25.0,"[0, 1, 3]",3,"{41, 7}","{41: 1, 7: -1}",22.0,25.0,"[0, 1, 3]",3,4.5,224,22,0.06229519844055176,0.048795223236083984,0.03739285469055176,studentportuguese (30),1
3,2,"{41, 7}","{41: 1, 7: -1}",22.0,"{41, 7}","{41: 1, 7: -1}",22.0,24.0,"[0, 1]",2,"{41, 7}","{41: 1, 7: -1}",22.0,24.0,"[0, 1]",2,4.5,224,22,0.03794407844543457,0.04257369041442871,0.043462276458740234,studentportuguese (30),1
3,1,"{41, 7}","{41: 1, 7: -1}",22.0,"{41, 7}","{41: 1, 7: -1}",22.0,23.0,[0],1,"{41, 7}","{41: 1, 7: -1}",22.0,23.0,[0],1,4.5,224,22,0.04503607749938965,0.0483400821685791,0.053858041763305664,studentportuguese (30),1
3,0,"{41, 7}","{41: 1, 7: -1}",22.0,"{41, 7}","{41: 1, 7: -1}",22.0,22.0,[],0,"{41, 7}","{41: 1, 7: -1}",22.0,22.0,[],0,4.5,224,22,0.055664777755737305,0.05109763145446777,0.043684959411621094,studentportuguese (30),1
4,4,"{41, 7}","{41: 1, 7: -1}",22.0,"{41, 7}","{41: 1, 7: -1}",22.0,26.0,"[0, 1, 3, 4]",4,"{41, 7}","{41: 1, 7: -1}",22.0,26.0,"[0, 1, 3, 4]",4,4.5,224,22,0.048829078674316406,0.05638885498046875,0.04264402389526367,studentportuguese (30),1
4,3,"{41, 7}","{41: 1, 7: -1}",22.0,"{41, 7}","{41: 1, 7: -1}",22.0,25.0,"[0, 1, 3]",3,"{41, 7}","{41: 1, 7: -1}",22.0,25.0,"[0, 1, 3]",3,4.5,224,22,0.03863692283630371,0.03684401512145996,0.03894495964050293,studentportuguese (30),1
4,2,"{41, 7}","{41: 1, 7: -1}",22.0,"{41, 7}","{41: 1, 7: -1}",22.0,24.0,"[0, 1]",2,"{41, 7}","{41: 1, 7: -1}",22.0,24.0,"[0, 1]",2,4.5,224,22,0.0382232666015625,0.0381927490234375,0.037065982818603516,studentportuguese (30),1
4,1,"{41, 7}","{41: 1, 7: -1}",22.0,"{41, 7}","{41: 1, 7: -1}",22.0,23.0,[0],1,"{41, 7}","{41: 1, 7: -1}",22.0,23.0,[0],1,4.5,224,22,0.03802800178527832,0.039031028747558594,0.04248809814453125,studentportuguese (30),1
4,0,"{41, 7}","{41: 1, 7: -1}",22.0,"{41, 7}","{41: 1, 7: -1}",22.0,22.0,[],0,"{41, 7}","{41: 1, 7: -1}",22.0,22.0,[],0,4.5,224,22,0.0559229850769043,0.06193828582763672,0.047824859619140625,studentportuguese (30),1
5,4,"{41, 7}","{41: 1, 7: -1}",22.0,"{41, 7}","{41: 1, 7: -1}",22.0,26.0,"[0, 1, 3, 4]",4,"{41, 7}","{41: 1, 7: -1}",22.0,26.0,"[0, 1, 3, 4]",4,4.5,224,22,0.05218195915222168,0.04581904411315918,0.04072284698486328,studentportuguese (30),1
5,3,"{41, 7}","{41: 1, 7: -1}",22.0,"{41, 7}","{41: 1, 7: -1}",22.0,25.0,"[0, 1, 3]",3,"{41, 7}","{41: 1, 7: -1}",22.0,25.0,"[0, 1, 3]",3,4.5,224,22,0.03793621063232422,0.03776812553405762,0.03880786895751953,studentportuguese (30),1
5,2,"{41, 7}","{41: 1, 7: -1}",22.0,"{41, 7}","{41: 1, 7: -1}",22.0,24.0,"[0, 1]",2,"{41, 7}","{41: 1, 7: -1}",22.0,24.0,"[0, 1]",2,4.5,224,22,0.0379939079284668,0.03944993019104004,0.03902268409729004,studentportuguese (30),1
5,1,"{41, 7}","{41: 1, 7: -1}",22.0,"{41, 7}","{41: 1, 7: -1}",22.0,23.0,[0],1,"{41, 7}","{41: 1, 7: -1}",22.0,23.0,[0],1,4.5,224,22,0.03887629508972168,0.03944659233093262,0.04360389709472656,studentportuguese (30),1
5,0,"{41, 7}","{41: 1, 7: -1}",22.0,"{41, 7}","{41: 1, 7: -1}",22.0,22.0,[],0,"{41, 7}","{41: 1, 7: -1}",22.0,22.0,[],0,4.5,224,22,0.04576587677001953,0.05518984794616699,0.046987056732177734,studentportuguese (30),1
1,4,{42},{42: 1},45.41666666666667,{42},{42: 1},45.41666666666667,49.41666666666667,"[0, 1, 3, 4]",4,{42},{42: 1},45.41666666666667,49.41666666666667,"[0, 1, 3, 4]",4,5.0,224,32,0.022047996520996094,0.04581022262573242,0.027789831161499023,studentportuguese (30),2
1,3,{42},{42: 1},45.41666666666667,{42},{42: 1},45.41666666666667,48.41666666666667,"[0, 1, 3]",3,{42},{42: 1},45.41666666666667,48.41666666666667,"[0, 1, 3]",3,5.0,224,32,0.023614883422851562,0.018181324005126953,0.022507667541503906,studentportuguese (30),2
1,2,{42},{42: 1},45.41666666666667,{42},{42: 1},45.41666666666667,47.41666666666667,"[0, 1]",2,{42},{42: 1},45.41666666666667,47.41666666666667,"[0, 1]",2,5.0,224,32,0.02206897735595703,0.021229982376098633,0.021891117095947266,studentportuguese (30),2
1,1,{42},{42: 1},45.41666666666667,{42},{42: 1},45.41666666666667,46.41666666666667,[0],1,{42},{42: 1},45.41666666666667,46.41666666666667,[0],1,5.0,224,32,0.0215909481048584,0.022536277770996094,0.024996042251586914,studentportuguese (30),2
1,0,{42},{42: 1},45.41666666666667,{42},{42: 1},45.41666666666667,45.41666666666667,[],0,{42},{42: 1},45.41666666666667,45.41666666666667,[],0,5.0,224,32,0.02351689338684082,0.02286505699157715,0.025964021682739258,studentportuguese (30),2
2,4,"{42, 12}","{42: 1, 12: 1}",46.0,"{42, 12}","{42: 1, 12: 1}",46.0,50.0,"[0, 1, 3, 4]",4,"{42, 12}","{42: 1, 12: 1}",46.0,50.0,"[0, 1, 3, 4]",4,5.0,224,32,0.055068254470825195,0.05472588539123535,0.04322981834411621,studentportuguese (30),2
2,3,"{42, 12}","{42: 1, 12: 1}",46.0,"{42, 12}","{42: 1, 12: 1}",46.0,49.0,"[0, 1, 3]",3,"{42, 12}","{42: 1, 12: 1}",46.0,49.0,"[0, 1, 3]",3,5.0,224,32,0.04248619079589844,0.047792911529541016,0.0453031063079834,studentportuguese (30),2
2,2,"{42, 12}","{42: 1, 12: 1}",46.0,"{42, 12}","{42: 1, 12: 1}",46.0,48.0,"[0, 1]",2,"{42, 12}","{42: 1, 12: 1}",46.0,48.0,"[0, 1]",2,5.0,224,32,0.0467829704284668,0.04814887046813965,0.05226421356201172,studentportuguese (30),2
2,1,"{42, 12}","{42: 1, 12: 1}",46.0,"{42, 12}","{42: 1, 12: 1}",46.0,47.0,[0],1,"{42, 12}","{42: 1, 12: 1}",46.0,47.0,[0],1,5.0,224,32,0.04667401313781738,0.052931785583496094,0.0541231632232666,studentportuguese (30),2
2,0,"{42, 12}","{42: 1, 12: 1}",46.0,"{42, 12}","{42: 1, 12: 1}",46.0,46.0,[],0,"{42, 12}","{42: 1, 12: 1}",46.0,46.0,[],0,5.0,224,32,0.046568870544433594,0.04705929756164551,0.046800851821899414,studentportuguese (30),2
3,4,"{42, 3, 12}","{42: 1, 3: -1, 12: 1}",46.5,"{42, 3, 12}","{42: 1, 3: -1, 12: 1}",46.5,50.5,"[0, 1, 3, 4]",4,"{42, 3, 12}","{42: 1, 3: -1, 12: 1}",46.5,50.5,"[0, 1, 3, 4]",4,5.0,224,32,0.07275605201721191,0.06534910202026367,0.06390714645385742,studentportuguese (30),2
3,3,"{42, 3, 12}","{42: 1, 3: -1, 12: 1}",46.5,"{42, 3, 12}","{42: 1, 3: -1, 12: 1}",46.5,49.5,"[0, 1, 3]",3,"{42, 3, 12}","{42: 1, 3: -1, 12: 1}",46.5,49.5,"[0, 1, 3]",3,5.0,224,32,0.062239885330200195,0.06330513954162598,0.06671500205993652,studentportuguese (30),2
3,2,"{42, 3, 12}","{42: 1, 3: -1, 12: 1}",46.5,"{42, 3, 12}","{42: 1, 3: -1, 12: 1}",46.5,48.5,"[0, 1]",2,"{42, 3, 12}","{42: 1, 3: -1, 12: 1}",46.5,48.5,"[0, 1]",2,5.0,224,32,0.06335282325744629,0.0658261775970459,0.06701397895812988,studentportuguese (30),2
3,1,"{42, 3, 12}","{42: 1, 3: -1, 12: 1}",46.5,"{42, 3, 12}","{42: 1, 3: -1, 12: 1}",46.5,47.5,[0],1,"{42, 3, 12}","{42: 1, 3: -1, 12: 1}",46.5,47.5,[0],1,5.0,224,32,0.07028508186340332,0.06609725952148438,0.06660580635070801,studentportuguese (30),2
3,0,"{42, 3, 12}","{42: 1, 3: -1, 12: 1}",46.5,"{42, 3, 12}","{42: 1, 3: -1, 12: 1}",46.5,46.5,[],0,"{42, 3, 12}","{42: 1, 3: -1, 12: 1}",46.5,46.5,[],0,5.0,224,32,0.06490707397460938,0.062252044677734375,0.06102585792541504,studentportuguese (30),2
4,4,"{42, 3, 12, 7}","{42: 1, 3: -1, 12: 1, 7: -1}",47.0,"{42, 3, 12, 7}","{42: 1, 3: -1, 12: 1, 7: -1}",47.0,51.0,"[0, 1, 3, 4]",4,"{42, 3, 12, 7}","{42: 1, 3: -1, 12: 1, 7: -1}",47.0,51.0,"[0, 1, 3, 4]",4,5.0,224,32,0.07910299301147461,0.08165097236633301,0.08440613746643066,studentportuguese (30),2
4,3,"{42, 3, 12, 7}","{42: 1, 3: -1, 12: 1, 7: -1}",47.0,"{42, 3, 12, 7}","{42: 1, 3: -1, 12: 1, 7: -1}",47.0,50.0,"[0, 1, 3]",3,"{42, 3, 12, 7}","{42: 1, 3: -1, 12: 1, 7: -1}",47.0,50.0,"[0, 1, 3]",3,5.0,224,32,0.08731698989868164,0.08048319816589355,0.08120560646057129,studentportuguese (30),2
4,2,"{42, 3, 12, 7}","{42: 1, 3: -1, 12: 1, 7: -1}",47.0,"{42, 3, 12, 7}","{42: 1, 3: -1, 12: 1, 7: -1}",47.0,49.0,"[0, 1]",2,"{42, 3, 12, 7}","{42: 1, 3: -1, 12: 1, 7: -1}",47.0,49.0,"[0, 1]",2,5.0,224,32,0.07987499237060547,0.08050084114074707,0.07880687713623047,studentportuguese (30),2
4,1,"{42, 3, 12, 7}","{42: 1, 3: -1, 12: 1, 7: -1}",47.0,"{42, 3, 12, 7}","{42: 1, 3: -1, 12: 1, 7: -1}",47.0,48.0,[0],1,"{42, 3, 12, 7}","{42: 1, 3: -1, 12: 1, 7: -1}",47.0,48.0,[0],1,5.0,224,32,0.08249211311340332,0.08157086372375488,0.0814671516418457,studentportuguese (30),2
4,0,"{42, 3, 12, 7}","{42: 1, 3: -1, 12: 1, 7: -1}",47.0,"{42, 3, 12, 7}","{42: 1, 3: -1, 12: 1, 7: -1}",47.0,47.0,[],0,"{42, 3, 12, 7}","{42: 1, 3: -1, 12: 1, 7: -1}",47.0,47.0,[],0,5.0,224,32,0.08120417594909668,0.08233404159545898,0.08183765411376953,studentportuguese (30),2
5,4,"{42, 3, 12, 7}","{42: 1, 3: -1, 12: 1, 7: -1}",47.0,"{42, 3, 12, 7}","{42: 1, 3: -1, 12: 1, 7: -1}",47.0,51.0,"[0, 1, 3, 4]",4,"{42, 3, 12, 7}","{42: 1, 3: -1, 12: 1, 7: -1}",47.0,51.0,"[0, 1, 3, 4]",4,5.0,224,32,0.11149215698242188,0.10531115531921387,0.10493993759155273,studentportuguese (30),2
5,3,"{42, 3, 12, 7}","{42: 1, 3: -1, 12: 1, 7: -1}",47.0,"{42, 3, 12, 7}","{42: 1, 3: -1, 12: 1, 7: -1}",47.0,50.0,"[0, 1, 3]",3,"{42, 3, 12, 7}","{42: 1, 3: -1, 12: 1, 7: -1}",47.0,50.0,"[0, 1, 3]",3,5.0,224,32,0.10544109344482422,0.10795283317565918,0.10791182518005371,studentportuguese (30),2
5,2,"{42, 3, 12, 7}","{42: 1, 3: -1, 12: 1, 7: -1}",47.0,"{42, 3, 12, 7}","{42: 1, 3: -1, 12: 1, 7: -1}",47.0,49.0,"[0, 1]",2,"{42, 3, 12, 7}","{42: 1, 3: -1, 12: 1, 7: -1}",47.0,49.0,"[0, 1]",2,5.0,224,32,0.09944891929626465,0.10038924217224121,0.09915590286254883,studentportuguese (30),2
5,1,"{42, 3, 12, 7}","{42: 1, 3: -1, 12: 1, 7: -1}",47.0,"{42, 3, 12, 7}","{42: 1, 3: -1, 12: 1, 7: -1}",47.0,48.0,[0],1,"{42, 3, 12, 7}","{42: 1, 3: -1, 12: 1, 7: -1}",47.0,48.0,[0],1,5.0,224,32,0.09926795959472656,0.11850118637084961,0.11105585098266602,studentportuguese (30),2
5,0,"{42, 3, 12, 7}","{42: 1, 3: -1, 12: 1, 7: -1}",47.0,"{42, 3, 12, 7}","{42: 1, 3: -1, 12: 1, 7: -1}",47.0,47.0,[],0,"{42, 3, 12, 7}","{42: 1, 3: -1, 12: 1, 7: -1}",47.0,47.0,[],0,5.0,224,32,0.13458609580993652,0.10552620887756348,0.11040782928466797,studentportuguese (30),2
1,4,{42},{42: 1},60.714285714285715,{42},{42: 1},60.714285714285715,64.71428571428572,"[1, 3, 4, 6]",4,{42},{42: 1},60.714285714285715,64.71428571428572,"[1, 3, 4, 6]",4,5.5,224,39,0.036879777908325195,0.043966054916381836,0.035479068756103516,studentportuguese (30),3
1,3,{42},{42: 1},60.714285714285715,{42},{42: 1},60.714285714285715,63.714285714285715,"[1, 3, 4]",3,{42},{42: 1},60.714285714285715,63.714285714285715,"[1, 3, 4]",3,5.5,224,39,0.033659934997558594,0.03317403793334961,0.0314791202545166,studentportuguese (30),3
1,2,{42},{42: 1},60.714285714285715,{42},{42: 1},60.714285714285715,62.714285714285715,"[1, 3]",2,{42},{42: 1},60.714285714285715,62.714285714285715,"[1, 3]",2,5.5,224,39,0.03301286697387695,0.0371248722076416,0.032510995864868164,studentportuguese (30),3
1,1,{42},{42: 1},60.714285714285715,{42},{42: 1},60.714285714285715,61.714285714285715,[1],1,{42},{42: 1},60.714285714285715,61.714285714285715,[1],1,5.5,224,39,0.037301063537597656,0.03502392768859863,0.03361201286315918,studentportuguese (30),3
1,0,{42},{42: 1},60.714285714285715,{42},{42: 1},60.714285714285715,60.714285714285715,[],0,{42},{42: 1},60.714285714285715,60.714285714285715,[],0,5.5,224,39,0.03275322914123535,0.034739017486572266,0.03218388557434082,studentportuguese (30),3
2,4,"{42, 14}","{42: 1, 14: 1}",62.78095238095238,"{42, 14}","{42: 1, 14: 1}",62.78095238095238,66.78095238095239,"[1, 3, 4, 6]",4,"{42, 14}","{42: 1, 14: 1}",62.78095238095238,66.78095238095239,"[1, 3, 4, 6]",4,5.5,224,39,0.07429218292236328,0.07067394256591797,0.05961298942565918,studentportuguese (30),3
2,3,"{42, 14}","{42: 1, 14: 1}",62.78095238095238,"{42, 14}","{42: 1, 14: 1}",62.78095238095238,65.78095238095239,"[1, 3, 4]",3,"{42, 14}","{42: 1, 14: 1}",62.78095238095238,65.78095238095239,"[1, 3, 4]",3,5.5,224,39,0.06217694282531738,0.06426692008972168,0.06879997253417969,studentportuguese (30),3
2,2,"{42, 14}","{42: 1, 14: 1}",62.78095238095238,"{42, 14}","{42: 1, 14: 1}",62.78095238095238,64.78095238095239,"[1, 3]",2,"{42, 14}","{42: 1, 14: 1}",62.78095238095238,64.78095238095239,"[1, 3]",2,5.5,224,39,0.0613398551940918,0.06060504913330078,0.0614931583404541,studentportuguese (30),3
2,1,"{42, 14}","{42: 1, 14: 1}",62.78095238095238,"{42, 14}","{42: 1, 14: 1}",62.78095238095238,63.78095238095238,[1],1,"{42, 14}","{42: 1, 14: 1}",62.78095238095238,63.78095238095238,[1],1,5.5,224,39,0.06755304336547852,0.06725311279296875,0.06728005409240723,studentportuguese (30),3
2,0,"{42, 14}","{42: 1, 14: 1}",62.78095238095238,"{42, 14}","{42: 1, 14: 1}",62.78095238095238,62.78095238095238,[],0,"{42, 14}","{42: 1, 14: 1}",62.78095238095238,62.78095238095238,[],0,5.5,224,39,0.07286906242370605,0.06545209884643555,0.06146383285522461,studentportuguese (30),3
3,4,"{42, 44, 14}","{42: 1, 44: 1, 14: 1}",64.28095238095239,"{42, 44, 14}","{42: 1, 44: 1, 14: 1}",64.28095238095239,68.28095238095239,"[1, 3, 4, 6]",4,"{42, 44, 14}","{42: 1, 44: 1, 14: 1}",64.28095238095239,68.28095238095239,"[1, 3, 4, 6]",4,5.5,224,39,0.08935713768005371,0.09014892578125,0.08184599876403809,studentportuguese (30),3
3,3,"{42, 44, 14}","{42: 1, 44: 1, 14: 1}",64.28095238095239,"{42, 44, 14}","{42: 1, 44: 1, 14: 1}",64.28095238095239,67.28095238095239,"[1, 3, 4]",3,"{42, 44, 14}","{42: 1, 44: 1, 14: 1}",64.28095238095239,67.28095238095239,"[1, 3, 4]",3,5.5,224,39,0.11281824111938477,0.08886933326721191,0.08831310272216797,studentportuguese (30),3
3,2,"{42, 44, 14}","{42: 1, 44: 1, 14: 1}",64.28095238095239,"{42, 44, 14}","{42: 1, 44: 1, 14: 1}",64.28095238095239,66.28095238095239,"[1, 3]",2,"{42, 44, 14}","{42: 1, 44: 1, 14: 1}",64.28095238095239,66.28095238095239,"[1, 3]",2,5.5,224,39,0.09719014167785645,0.1069650650024414,0.10263872146606445,studentportuguese (30),3
3,1,"{42, 44, 14}","{42: 1, 44: 1, 14: 1}",64.28095238095239,"{42, 44, 14}","{42: 1, 44: 1, 14: 1}",64.28095238095239,65.28095238095239,[1],1,"{42, 44, 14}","{42: 1, 44: 1, 14: 1}",64.28095238095239,65.28095238095239,[1],1,5.5,224,39,0.12449407577514648,0.09201407432556152,0.09970474243164062,studentportuguese (30),3
3,0,"{42, 44, 14}","{42: 1, 44: 1, 14: 1}",64.28095238095239,"{42, 44, 14}","{42: 1, 44: 1, 14: 1}",64.28095238095239,64.28095238095239,[],0,"{42, 44, 14}","{42: 1, 44: 1, 14: 1}",64.28095238095239,64.28095238095239,[],0,5.5,224,39,0.09537410736083984,0.09241771697998047,0.10561704635620117,studentportuguese (30),3
4,4,"{42, 44, 12, 14}","{42: 1, 44: 1, 12: 1, 14: 1}",65.66666666666666,"{42, 44, 12, 14}","{42: 1, 44: 1, 12: 1, 14: 1}",65.66666666666666,69.66666666666666,"[1, 3, 4, 6]",4,"{42, 44, 12, 14}","{42: 1, 44: 1, 12: 1, 14: 1}",65.66666666666666,69.66666666666666,"[1, 3, 4, 6]",4,5.5,224,39,0.13594913482666016,0.13608884811401367,0.12818217277526855,studentportuguese (30),3
4,3,"{42, 44, 12, 14}","{42: 1, 44: 1, 12: 1, 14: 1}",65.66666666666666,"{42, 44, 12, 14}","{42: 1, 44: 1, 12: 1, 14: 1}",65.66666666666666,68.66666666666666,"[1, 3, 4]",3,"{42, 44, 12, 14}","{42: 1, 44: 1, 12: 1, 14: 1}",65.66666666666666,68.66666666666666,"[1, 3, 4]",3,5.5,224,39,0.14484119415283203,0.14872193336486816,0.14060091972351074,studentportuguese (30),3
4,2,"{42, 44, 12, 14}","{42: 1, 44: 1, 12: 1, 14: 1}",65.66666666666666,"{42, 44, 12, 14}","{42: 1, 44: 1, 12: 1, 14: 1}",65.66666666666666,67.66666666666666,"[1, 3]",2,"{42, 44, 12, 14}","{42: 1, 44: 1, 12: 1, 14: 1}",65.66666666666666,67.66666666666666,"[1, 3]",2,5.5,224,39,0.11813569068908691,0.12070512771606445,0.12665390968322754,studentportuguese (30),3
4,1,"{42, 44, 12, 14}","{42: 1, 44: 1, 12: 1, 14: 1}",65.66666666666666,"{42, 44, 12, 14}","{42: 1, 44: 1, 12: 1, 14: 1}",65.66666666666666,66.66666666666666,[1],1,"{42, 44, 12, 14}","{42: 1, 44: 1, 12: 1, 14: 1}",65.66666666666666,66.66666666666666,[1],1,5.5,224,39,0.12456703186035156,0.12648391723632812,0.15365314483642578,studentportuguese (30),3
4,0,"{42, 44, 12, 14}","{42: 1, 44: 1, 12: 1, 14: 1}",65.66666666666666,"{42, 44, 12, 14}","{42: 1, 44: 1, 12: 1, 14: 1}",65.66666666666666,65.66666666666666,[],0,"{42, 44, 12, 14}","{42: 1, 44: 1, 12: 1, 14: 1}",65.66666666666666,65.66666666666666,[],0,5.5,224,39,0.15693211555480957,0.13302993774414062,0.11914706230163574,studentportuguese (30),3
5,4,"{42, 44, 12, 14, 24}","{42: 1, 44: 1, 12: 1, 14: 1, 24: 1}",66.5,"{42, 44, 12, 14, 24}","{42: 1, 44: 1, 12: 1, 14: 1, 24: 1}",66.5,70.5,"[1, 3, 4, 6]",4,"{42, 44, 12, 14, 24}","{42: 1, 44: 1, 12: 1, 14: 1, 24: 1}",66.5,70.5,"[1, 3, 4, 6]",4,5.5,224,39,0.16378402709960938,0.15882325172424316,0.15850090980529785,studentportuguese (30),3
5,3,"{42, 44, 12, 14, 24}","{42: 1, 44: 1, 12: 1, 14: 1, 24: 1}",66.5,"{42, 44, 12, 14, 24}","{42: 1, 44: 1, 12: 1, 14: 1, 24: 1}",66.5,69.5,"[1, 3, 4]",3,"{42, 44, 12, 14, 24}","{42: 1, 44: 1, 12: 1, 14: 1, 24: 1}",66.5,69.5,"[1, 3, 4]",3,5.5,224,39,0.16497087478637695,0.1923680305480957,0.14590215682983398,studentportuguese (30),3
5,2,"{42, 44, 12, 14, 24}","{42: 1, 44: 1, 12: 1, 14: 1, 24: 1}",66.5,"{42, 44, 12, 14, 24}","{42: 1, 44: 1, 12: 1, 14: 1, 24: 1}",66.5,68.5,"[1, 3]",2,"{42, 44, 12, 14, 24}","{42: 1, 44: 1, 12: 1, 14: 1, 24: 1}",66.5,68.5,"[1, 3]",2,5.5,224,39,0.16472506523132324,0.15928316116333008,0.16048002243041992,studentportuguese (30),3
5,1,"{42, 44, 12, 14, 24}","{42: 1, 44: 1, 12: 1, 14: 1, 24: 1}",66.5,"{42, 44, 12, 14, 24}","{42: 1, 44: 1, 12: 1, 14: 1, 24: 1}",66.5,67.5,[1],1,"{42, 44, 12, 14, 24}","{42: 1, 44: 1, 12: 1, 14: 1, 24: 1}",66.5,67.5,[1],1,5.5,224,39,0.15392065048217773,0.21449613571166992,0.14572787284851074,studentportuguese (30),3
5,0,"{42, 44, 12, 14, 24}","{42: 1, 44: 1, 12: 1, 14: 1, 24: 1}",66.5,"{42, 44, 12, 14, 24}","{42: 1, 44: 1, 12: 1, 14: 1, 24: 1}",66.5,66.5,[],0,"{42, 44, 12, 14, 24}","{42: 1, 44: 1, 12: 1, 14: 1, 24: 1}",66.5,66.5,[],0,5.5,224,39,0.1561288833618164,0.16997814178466797,0.153548002243042,studentportuguese (30),3
1,4,{41},{41: 1},90.50079365079364,{41},{41: 1},90.50079365079364,94.50079365079364,"[1, 4, 6, 7]",4,{41},{41: 1},90.50079365079364,94.50079365079364,"[1, 4, 6, 7]",4,6.0,224,44,0.0489499568939209,0.05298614501953125,0.05011296272277832,studentportuguese (30),4
1,3,{41},{41: 1},90.50079365079364,{41},{41: 1},90.50079365079364,93.50079365079364,"[1, 4, 6]",3,{41},{41: 1},90.50079365079364,93.50079365079364,"[1, 4, 6]",3,6.0,224,44,0.04622220993041992,0.0490570068359375,0.05200386047363281,studentportuguese (30),4
1,2,{41},{41: 1},90.50079365079364,{41},{41: 1},90.50079365079364,92.50079365079364,"[1, 4]",2,{41},{41: 1},90.50079365079364,92.50079365079364,"[1, 4]",2,6.0,224,44,0.06327128410339355,0.050328969955444336,0.048124074935913086,studentportuguese (30),4
1,1,{41},{41: 1},90.50079365079364,{41},{41: 1},90.50079365079364,91.50079365079364,[1],1,{41},{41: 1},90.50079365079364,91.50079365079364,[1],1,6.0,224,44,0.04737997055053711,0.046729087829589844,0.04737687110900879,studentportuguese (30),4
1,0,{41},{41: 1},90.50079365079364,{41},{41: 1},90.50079365079364,90.50079365079364,[],0,{41},{41: 1},90.50079365079364,90.50079365079364,[],0,6.0,224,44,0.04713106155395508,0.047482967376708984,0.04672813415527344,studentportuguese (30),4
2,4,"{41, 44}","{41: 1, 44: 1}",94.84761904761903,"{41, 44}","{41: 1, 44: 1}",94.84761904761903,98.84761904761903,"[1, 4, 6, 7]",4,"{41, 44}","{41: 1, 44: 1}",94.84761904761903,98.84761904761903,"[1, 4, 6, 7]",4,6.0,224,44,0.08883213996887207,0.09777998924255371,0.09604406356811523,studentportuguese (30),4
2,3,"{41, 44}","{41: 1, 44: 1}",94.84761904761903,"{41, 44}","{41: 1, 44: 1}",94.84761904761903,97.84761904761903,"[1, 4, 6]",3,"{41, 44}","{41: 1, 44: 1}",94.84761904761903,97.84761904761903,"[1, 4, 6]",3,6.0,224,44,0.09444594383239746,0.10076093673706055,0.09929490089416504,studentportuguese (30),4
2,2,"{41, 44}","{41: 1, 44: 1}",94.84761904761903,"{41, 44}","{41: 1, 44: 1}",94.84761904761903,96.84761904761903,"[1, 4]",2,"{41, 44}","{41: 1, 44: 1}",94.84761904761903,96.84761904761903,"[1, 4]",2,6.0,224,44,0.09416604042053223,0.09365987777709961,0.10217499732971191,studentportuguese (30),4
2,1,"{41, 44}","{41: 1, 44: 1}",94.84761904761903,"{41, 44}","{41: 1, 44: 1}",94.84761904761903,95.84761904761903,[1],1,"{41, 44}","{41: 1, 44: 1}",94.84761904761903,95.84761904761903,[1],1,6.0,224,44,0.09879899024963379,0.08993077278137207,0.0906980037689209,studentportuguese (30),4
2,0,"{41, 44}","{41: 1, 44: 1}",94.84761904761903,"{41, 44}","{41: 1, 44: 1}",94.84761904761903,94.84761904761903,[],0,"{41, 44}","{41: 1, 44: 1}",94.84761904761903,94.84761904761903,[],0,6.0,224,44,0.09110116958618164,0.09043002128601074,0.09122800827026367,studentportuguese (30),4
3,4,"{41, 42, 44}","{41: 1, 42: 1, 44: 1}",98.48571428571427,"{41, 42, 44}","{41: 1, 42: 1, 44: 1}",98.48571428571427,102.48571428571427,"[1, 4, 6, 7]",4,"{41, 42, 44}","{41: 1, 42: 1, 44: 1}",98.48571428571427,102.48571428571427,"[1, 4, 6, 7]",4,6.0,224,44,0.13381505012512207,0.13359284400939941,0.13415074348449707,studentportuguese (30),4
3,3,"{41, 42, 44}","{41: 1, 42: 1, 44: 1}",98.48571428571427,"{41, 42, 44}","{41: 1, 42: 1, 44: 1}",98.48571428571427,101.48571428571427,"[1, 4, 6]",3,"{41, 42, 44}","{41: 1, 42: 1, 44: 1}",98.48571428571427,101.48571428571427,"[1, 4, 6]",3,6.0,224,44,0.13320016860961914,0.14195680618286133,0.13129234313964844,studentportuguese (30),4
3,2,"{41, 42, 44}","{41: 1, 42: 1, 44: 1}",98.48571428571427,"{41, 42, 44}","{41: 1, 42: 1, 44: 1}",98.48571428571427,100.48571428571427,"[1, 4]",2,"{41, 42, 44}","{41: 1, 42: 1, 44: 1}",98.48571428571427,100.48571428571427,"[1, 4]",2,6.0,224,44,0.13407373428344727,0.20821189880371094,0.14908599853515625,studentportuguese (30),4
3,1,"{41, 42, 44}","{41: 1, 42: 1, 44: 1}",98.48571428571427,"{41, 42, 44}","{41: 1, 42: 1, 44: 1}",98.48571428571427,99.48571428571427,[1],1,"{41, 42, 44}","{41: 1, 42: 1, 44: 1}",98.48571428571427,99.48571428571427,[1],1,6.0,224,44,0.14372992515563965,0.1410198211669922,0.150238037109375,studentportuguese (30),4
3,0,"{41, 42, 44}","{41: 1, 42: 1, 44: 1}",98.48571428571427,"{41, 42, 44}","{41: 1, 42: 1, 44: 1}",98.48571428571427,98.48571428571427,[],0,"{41, 42, 44}","{41: 1, 42: 1, 44: 1}",98.48571428571427,98.48571428571427,[],0,6.0,224,44,0.13990020751953125,0.13860583305358887,0.14123225212097168,studentportuguese (30),4
4,4,"{41, 42, 18, 44}","{41: 1, 42: 1, 18: 1, 44: 1}",100.15238095238094,"{41, 42, 18, 44}","{41: 1, 42: 1, 18: 1, 44: 1}",100.15238095238094,104.15238095238094,"[1, 4, 6, 7]",4,"{41, 42, 18, 44}","{41: 1, 42: 1, 18: 1, 44: 1}",100.15238095238094,104.15238095238094,"[1, 4, 6, 7]",4,6.0,224,44,0.20760774612426758,0.18571710586547852,0.1684560775756836,studentportuguese (30),4
4,3,"{41, 42, 18, 44}","{41: 1, 42: 1, 18: 1, 44: 1}",100.15238095238094,"{41, 42, 18, 44}","{41: 1, 42: 1, 18: 1, 44: 1}",100.15238095238094,103.15238095238094,"[1, 4, 6]",3,"{41, 42, 18, 44}","{41: 1, 42: 1, 18: 1, 44: 1}",100.15238095238094,103.15238095238094,"[1, 4, 6]",3,6.0,224,44,0.18977594375610352,0.1940779685974121,0.17214107513427734,studentportuguese (30),4
4,2,"{41, 42, 18, 44}","{41: 1, 42: 1, 18: 1, 44: 1}",100.15238095238094,"{41, 42, 18, 44}","{41: 1, 42: 1, 18: 1, 44: 1}",100.15238095238094,102.15238095238094,"[1, 4]",2,"{41, 42, 18, 44}","{41: 1, 42: 1, 18: 1, 44: 1}",100.15238095238094,102.15238095238094,"[1, 4]",2,6.0,224,44,0.17452192306518555,0.18559694290161133,0.17943811416625977,studentportuguese (30),4
4,1,"{41, 42, 18, 44}","{41: 1, 42: 1, 18: 1, 44: 1}",100.15238095238094,"{41, 42, 18, 44}","{41: 1, 42: 1, 18: 1, 44: 1}",100.15238095238094,101.15238095238094,[1],1,"{41, 42, 18, 44}","{41: 1, 42: 1, 18: 1, 44: 1}",100.15238095238094,101.15238095238094,[1],1,6.0,224,44,0.1865851879119873,0.19150686264038086,0.17960405349731445,studentportuguese (30),4
4,0,"{41, 42, 18, 44}","{41: 1, 42: 1, 18: 1, 44: 1}",100.15238095238094,"{41, 42, 18, 44}","{41: 1, 42: 1, 18: 1, 44: 1}",100.15238095238094,100.15238095238094,[],0,"{41, 42, 18, 44}","{41: 1, 42: 1, 18: 1, 44: 1}",100.15238095238094,100.15238095238094,[],0,6.0,224,44,0.19029903411865234,0.18284988403320312,0.18435001373291016,studentportuguese (30),4
5,4,"{41, 42, 44, 47, 18}","{41: 1, 42: 1, 44: 1, 47: 1, 18: 1}",101.55238095238096,"{41, 42, 44, 47, 18}","{41: 1, 42: 1, 44: 1, 47: 1, 18: 1}",101.55238095238096,105.55238095238096,"[1, 4, 6, 7]",4,"{41, 42, 44, 47, 18}","{41: 1, 42: 1, 44: 1, 47: 1, 18: 1}",101.55238095238096,105.55238095238096,"[1, 4, 6, 7]",4,6.0,224,44,0.22611284255981445,0.23293495178222656,0.21357488632202148,studentportuguese (30),4
5,3,"{41, 42, 44, 47, 18}","{41: 1, 42: 1, 44: 1, 47: 1, 18: 1}",101.55238095238096,"{41, 42, 44, 47, 18}","{41: 1, 42: 1, 44: 1, 47: 1, 18: 1}",101.55238095238096,104.55238095238096,"[1, 4, 6]",3,"{41, 42, 44, 47, 18}","{41: 1, 42: 1, 44: 1, 47: 1, 18: 1}",101.55238095238096,104.55238095238096,"[1, 4, 6]",3,6.0,224,44,0.20547723770141602,0.21045780181884766,0.21909117698669434,studentportuguese (30),4
5,2,"{41, 42, 44, 47, 18}","{41: 1, 42: 1, 44: 1, 47: 1, 18: 1}",101.55238095238096,"{41, 42, 44, 47, 18}","{41: 1, 42: 1, 44: 1, 47: 1, 18: 1}",101.55238095238096,103.55238095238096,"[1, 4]",2,"{41, 42, 44, 47, 18}","{41: 1, 42: 1, 44: 1, 47: 1, 18: 1}",101.55238095238096,103.55238095238096,"[1, 4]",2,6.0,224,44,0.23821687698364258,0.22715115547180176,0.21784496307373047,studentportuguese (30),4
5,1,"{41, 42, 44, 47, 18}","{41: 1, 42: 1, 44: 1, 47: 1, 18: 1}",101.55238095238096,"{41, 42, 44, 47, 18}","{41: 1, 42: 1, 44: 1, 47: 1, 18: 1}",101.55238095238096,102.55238095238096,[1],1,"{41, 42, 44, 47, 18}","{41: 1, 42: 1, 44: 1, 47: 1, 18: 1}",101.55238095238096,102.55238095238096,[1],1,6.0,224,44,0.23673224449157715,0.22170186042785645,0.20964407920837402,studentportuguese (30),4
5,0,"{41, 42, 44, 47, 18}","{41: 1, 42: 1, 44: 1, 47: 1, 18: 1}",101.55238095238096,"{41, 42, 44, 47, 18}","{41: 1, 42: 1, 44: 1, 47: 1, 18: 1}",101.55238095238096,101.55238095238096,[],0,"{41, 42, 44, 47, 18}","{41: 1, 42: 1, 44: 1, 47: 1, 18: 1}",101.55238095238096,101.55238095238096,[],0,6.0,224,44,0.20896697044372559,0.21456670761108398,0.2338881492614746,studentportuguese (30),4
1,4,{42},{42: 1},128.60263347763347,{42},{42: 1},128.60263347763347,132.60263347763347,"[4, 6, 7, 9]",4,{42},{42: 1},128.60263347763347,132.60263347763347,"[4, 6, 7, 9]",4,6.5,224,48,0.060575008392333984,0.07022905349731445,0.07219934463500977,studentportuguese (30),5
1,3,{42},{42: 1},128.60263347763347,{42},{42: 1},128.60263347763347,131.60263347763347,"[4, 6, 7]",3,{42},{42: 1},128.60263347763347,131.60263347763347,"[4, 6, 7]",3,6.5,224,48,0.06975412368774414,0.06724095344543457,0.07042980194091797,studentportuguese (30),5
1,2,{42},{42: 1},128.60263347763347,{42},{42: 1},128.60263347763347,130.60263347763347,"[4, 6]",2,{42},{42: 1},128.60263347763347,130.60263347763347,"[4, 6]",2,6.5,224,48,0.07218503952026367,0.06613993644714355,0.07257318496704102,studentportuguese (30),5
1,1,{42},{42: 1},128.60263347763347,{42},{42: 1},128.60263347763347,129.60263347763347,[4],1,{42},{42: 1},128.60263347763347,129.60263347763347,[4],1,6.5,224,48,0.07145380973815918,0.07116293907165527,0.07327508926391602,studentportuguese (30),5
1,0,{42},{42: 1},128.60263347763347,{42},{42: 1},128.60263347763347,128.60263347763347,[],0,{42},{42: 1},128.60263347763347,128.60263347763347,[],0,6.5,224,48,0.06768679618835449,0.07239174842834473,0.07351899147033691,studentportuguese (30),5
2,4,"{42, 44}","{42: 1, 44: 1}",138.67023809523806,"{42, 44}","{42: 1, 44: 1}",138.67023809523806,142.67023809523806,"[4, 6, 7, 9]",4,"{42, 44}","{42: 1, 44: 1}",138.67023809523806,142.67023809523806,"[4, 6, 7, 9]",4,6.5,224,48,0.13229608535766602,0.1488046646118164,0.13819479942321777,studentportuguese (30),5
2,3,"{42, 44}","{42: 1, 44: 1}",138.67023809523806,"{42, 44}","{42: 1, 44: 1}",138.67023809523806,141.67023809523806,"[4, 6, 7]",3,"{42, 44}","{42: 1, 44: 1}",138.67023809523806,141.67023809523806,"[4, 6, 7]",3,6.5,224,48,0.13569116592407227,0.14320993423461914,0.1537771224975586,studentportuguese (30),5
2,2,"{42, 44}","{42: 1, 44: 1}",138.67023809523806,"{42, 44}","{42: 1, 44: 1}",138.67023809523806,140.67023809523806,"[4, 6]",2,"{42, 44}","{42: 1, 44: 1}",138.67023809523806,140.67023809523806,"[4, 6]",2,6.5,224,48,0.14592909812927246,0.15382027626037598,0.13689970970153809,studentportuguese (30),5
2,1,"{42, 44}","{42: 1, 44: 1}",138.67023809523806,"{42, 44}","{42: 1, 44: 1}",138.67023809523806,139.67023809523806,[4],1,"{42, 44}","{42: 1, 44: 1}",138.67023809523806,139.67023809523806,[4],1,6.5,224,48,0.1514580249786377,0.15808892250061035,0.1525590419769287,studentportuguese (30),5
2,0,"{42, 44}","{42: 1, 44: 1}",138.67023809523806,"{42, 44}","{42: 1, 44: 1}",138.67023809523806,138.67023809523806,[],0,"{42, 44}","{42: 1, 44: 1}",138.67023809523806,138.67023809523806,[],0,6.5,224,48,0.1529102325439453,0.15653204917907715,0.15053796768188477,studentportuguese (30),5
3,4,"{24, 42, 44}","{24: 1, 42: 1, 44: 1}",143.6982683982684,"{24, 42, 44}","{24: 1, 42: 1, 44: 1}",143.6982683982684,147.6982683982684,"[4, 6, 7, 9]",4,"{24, 42, 44}","{24: 1, 42: 1, 44: 1}",143.6982683982684,147.6982683982684,"[4, 6, 7, 9]",4,6.5,224,48,0.21811199188232422,0.22579383850097656,0.21311306953430176,studentportuguese (30),5
3,3,"{24, 42, 44}","{24: 1, 42: 1, 44: 1}",143.6982683982684,"{24, 42, 44}","{24: 1, 42: 1, 44: 1}",143.6982683982684,146.6982683982684,"[4, 6, 7]",3,"{24, 42, 44}","{24: 1, 42: 1, 44: 1}",143.6982683982684,146.6982683982684,"[4, 6, 7]",3,6.5,224,48,0.20419526100158691,0.2062687873840332,0.23018193244934082,studentportuguese (30),5
3,2,"{24, 42, 44}","{24: 1, 42: 1, 44: 1}",143.6982683982684,"{24, 42, 44}","{24: 1, 42: 1, 44: 1}",143.6982683982684,145.6982683982684,"[4, 6]",2,"{24, 42, 44}","{24: 1, 42: 1, 44: 1}",143.6982683982684,145.6982683982684,"[4, 6]",2,6.5,224,48,0.2037661075592041,0.24643373489379883,0.206024169921875,studentportuguese (30),5
3,1,"{24, 42, 44}","{24: 1, 42: 1, 44: 1}",143.6982683982684,"{24, 42, 44}","{24: 1, 42: 1, 44: 1}",143.6982683982684,144.6982683982684,[4],1,"{24, 42, 44}","{24: 1, 42: 1, 44: 1}",143.6982683982684,144.6982683982684,[4],1,6.5,224,48,0.22975897789001465,0.21507620811462402,0.20605111122131348,studentportuguese (30),5
3,0,"{24, 42, 44}","{24: 1, 42: 1, 44: 1}",143.6982683982684,"{24, 42, 44}","{24: 1, 42: 1, 44: 1}",143.6982683982684,143.6982683982684,[],0,"{24, 42, 44}","{24: 1, 42: 1, 44: 1}",143.6982683982684,143.6982683982684,[],0,6.5,224,48,0.21407008171081543,0.20918798446655273,0.21306395530700684,studentportuguese (30),5
4,4,"{24, 42, 44, 47}","{24: 1, 42: 1, 44: 1, 47: 1}",147.29826839826836,"{24, 42, 44, 47}","{24: 1, 42: 1, 44: 1, 47: 1}",147.29826839826836,151.29826839826836,"[4, 6, 7, 9]",4,"{24, 42, 44, 47}","{24: 1, 42: 1, 44: 1, 47: 1}",147.29826839826836,151.29826839826836,"[4, 6, 7, 9]",4,6.5,224,48,0.2932760715484619,0.3072168827056885,0.29854393005371094,studentportuguese (30),5
4,3,"{24, 42, 44, 47}","{24: 1, 42: 1, 44: 1, 47: 1}",147.29826839826836,"{24, 42, 44, 47}","{24: 1, 42: 1, 44: 1, 47: 1}",147.29826839826836,150.29826839826836,"[4, 6, 7]",3,"{24, 42, 44, 47}","{24: 1, 42: 1, 44: 1, 47: 1}",147.29826839826836,150.29826839826836,"[4, 6, 7]",3,6.5,224,48,0.28485608100891113,0.28272485733032227,0.2959578037261963,studentportuguese (30),5
4,2,"{24, 42, 44, 47}","{24: 1, 42: 1, 44: 1, 47: 1}",147.29826839826836,"{24, 42, 44, 47}","{24: 1, 42: 1, 44: 1, 47: 1}",147.29826839826836,149.29826839826836,"[4, 6]",2,"{24, 42, 44, 47}","{24: 1, 42: 1, 44: 1, 47: 1}",147.29826839826836,149.29826839826836,"[4, 6]",2,6.5,224,48,0.29406094551086426,0.2803990840911865,0.2810487747192383,studentportuguese (30),5
4,1,"{24, 42, 44, 47}","{24: 1, 42: 1, 44: 1, 47: 1}",147.29826839826836,"{24, 42, 44, 47}","{24: 1, 42: 1, 44: 1, 47: 1}",147.29826839826836,148.29826839826836,[4],1,"{24, 42, 44, 47}","{24: 1, 42: 1, 44: 1, 47: 1}",147.29826839826836,148.29826839826836,[4],1,6.5,224,48,0.2693450450897217,0.268841028213501,0.2822079658508301,studentportuguese (30),5
4,0,"{24, 42, 44, 47}","{24: 1, 42: 1, 44: 1, 47: 1}",147.29826839826836,"{24, 42, 44, 47}","{24: 1, 42: 1, 44: 1, 47: 1}",147.29826839826836,147.29826839826836,[],0,"{24, 42, 44, 47}","{24: 1, 42: 1, 44: 1, 47: 1}",147.29826839826836,147.29826839826836,[],0,6.5,224,48,0.269362211227417,0.27433180809020996,0.2581486701965332,studentportuguese (30),5
5,4,"{42, 44, 47, 24, 28}","{42: 1, 44: 1, 47: 1, 24: 1, 28: 1}",149.96969696969697,"{42, 44, 47, 24, 28}","{42: 1, 44: 1, 47: 1, 24: 1, 28: 1}",149.96969696969697,153.96969696969697,"[4, 6, 7, 9]",4,"{42, 44, 47, 24, 28}","{42: 1, 44: 1, 47: 1, 24: 1, 28: 1}",149.96969696969697,153.96969696969697,"[4, 6, 7, 9]",4,6.5,224,48,0.3471028804779053,0.3550910949707031,0.3612630367279053,studentportuguese (30),5
5,3,"{42, 44, 47, 24, 28}","{42: 1, 44: 1, 47: 1, 24: 1, 28: 1}",149.96969696969697,"{42, 44, 47, 24, 28}","{42: 1, 44: 1, 47: 1, 24: 1, 28: 1}",149.96969696969697,152.96969696969697,"[4, 6, 7]",3,"{42, 44, 47, 24, 28}","{42: 1, 44: 1, 47: 1, 24: 1, 28: 1}",149.96969696969697,152.96969696969697,"[4, 6, 7]",3,6.5,224,48,0.36700987815856934,0.3285179138183594,0.3400719165802002,studentportuguese (30),5
5,2,"{42, 44, 47, 24, 28}","{42: 1, 44: 1, 47: 1, 24: 1, 28: 1}",149.96969696969697,"{42, 44, 47, 24, 28}","{42: 1, 44: 1, 47: 1, 24: 1, 28: 1}",149.96969696969697,151.96969696969697,"[4, 6]",2,"{42, 44, 47, 24, 28}","{42: 1, 44: 1, 47: 1, 24: 1, 28: 1}",149.96969696969697,151.96969696969697,"[4, 6]",2,6.5,224,48,0.33453989028930664,0.35178232192993164,0.33812975883483887,studentportuguese (30),5
5,1,"{42, 44, 47, 24, 28}","{42: 1, 44: 1, 47: 1, 24: 1, 28: 1}",149.96969696969697,"{42, 44, 47, 24, 28}","{42: 1, 44: 1, 47: 1, 24: 1, 28: 1}",149.96969696969697,150.96969696969697,[4],1,"{42, 44, 47, 24, 28}","{42: 1, 44: 1, 47: 1, 24: 1, 28: 1}",149.96969696969697,150.96969696969697,[4],1,6.5,224,48,0.32927608489990234,0.3308529853820801,0.3460090160369873,studentportuguese (30),5
5,0,"{42, 44, 47, 24, 28}","{42: 1, 44: 1, 47: 1, 24: 1, 28: 1}",149.96969696969697,"{42, 44, 47, 24, 28}","{42: 1, 44: 1, 47: 1, 24: 1, 28: 1}",149.96969696969697,149.96969696969697,[],0,"{42, 44, 47, 24, 28}","{42: 1, 44: 1, 47: 1, 24: 1, 28: 1}",149.96969696969697,149.96969696969697,[],0,6.5,224,48,0.33664798736572266,0.35027384757995605,0.3321652412414551,studentportuguese (30),5
1,4,{42},{42: 1},160.4953452249505,{42},{42: 1},160.4953452249505,164.4953452249505,"[4, 7, 11, 12]",4,{42},{42: 1},160.4953452249505,164.4953452249505,"[4, 7, 11, 12]",4,7.0,224,49,0.10398697853088379,0.11165904998779297,0.10334587097167969,studentportuguese (30),6
1,3,{42},{42: 1},160.4953452249505,{42},{42: 1},160.4953452249505,163.4953452249505,"[4, 7, 11]",3,{42},{42: 1},160.4953452249505,163.4953452249505,"[4, 7, 11]",3,7.0,224,49,0.09766221046447754,0.10975885391235352,0.10641264915466309,studentportuguese (30),6
1,2,{42},{42: 1},160.4953452249505,{42},{42: 1},160.4953452249505,162.4953452249505,"[4, 7]",2,{42},{42: 1},160.4953452249505,162.4953452249505,"[4, 7]",2,7.0,224,49,0.10822486877441406,0.10393118858337402,0.10944700241088867,studentportuguese (30),6
1,1,{42},{42: 1},160.4953452249505,{42},{42: 1},160.4953452249505,161.4953452249505,[4],1,{42},{42: 1},160.4953452249505,161.4953452249505,[4],1,7.0,224,49,0.10553383827209473,0.11211800575256348,0.1064450740814209,studentportuguese (30),6
1,0,{42},{42: 1},160.4953452249505,{42},{42: 1},160.4953452249505,160.4953452249505,[],0,{42},{42: 1},160.4953452249505,160.4953452249505,[],0,7.0,224,49,0.1159360408782959,0.11515116691589355,0.10526680946350098,studentportuguese (30),6
2,4,"{42, 44}","{42: 1, 44: 1}",171.29047619047617,"{42, 44}","{42: 1, 44: 1}",171.29047619047617,175.29047619047617,"[4, 7, 11, 12]",4,"{42, 44}","{42: 1, 44: 1}",171.29047619047617,175.29047619047617,"[4, 7, 11, 12]",4,7.0,224,49,0.23698997497558594,0.29662203788757324,0.22684907913208008,studentportuguese (30),6
2,3,"{42, 44}","{42: 1, 44: 1}",171.29047619047617,"{42, 44}","{42: 1, 44: 1}",171.29047619047617,174.29047619047617,"[4, 7, 11]",3,"{42, 44}","{42: 1, 44: 1}",171.29047619047617,174.29047619047617,"[4, 7, 11]",3,7.0,224,49,0.22137880325317383,0.21751713752746582,0.20407605171203613,studentportuguese (30),6
2,2,"{42, 44}","{42: 1, 44: 1}",171.29047619047617,"{42, 44}","{42: 1, 44: 1}",171.29047619047617,173.29047619047617,"[4, 7]",2,"{42, 44}","{42: 1, 44: 1}",171.29047619047617,173.29047619047617,"[4, 7]",2,7.0,224,49,0.2521541118621826,0.2270059585571289,0.21585416793823242,studentportuguese (30),6
2,1,"{42, 44}","{42: 1, 44: 1}",171.29047619047617,"{42, 44}","{42: 1, 44: 1}",171.29047619047617,172.29047619047617,[4],1,"{42, 44}","{42: 1, 44: 1}",171.29047619047617,172.29047619047617,[4],1,7.0,224,49,0.21935796737670898,0.21881699562072754,0.2275710105895996,studentportuguese (30),6
2,0,"{42, 44}","{42: 1, 44: 1}",171.29047619047617,"{42, 44}","{42: 1, 44: 1}",171.29047619047617,171.29047619047617,[],0,"{42, 44}","{42: 1, 44: 1}",171.29047619047617,171.29047619047617,[],0,7.0,224,49,0.2194349765777588,0.20508527755737305,0.2089369297027588,studentportuguese (30),6
3,4,"{42, 44, 28}","{42: 1, 44: 1, 28: 1}",174.3047619047619,"{42, 44, 28}","{42: 1, 44: 1, 28: 1}",174.3047619047619,178.3047619047619,"[4, 7, 11, 12]",4,"{42, 44, 28}","{42: 1, 44: 1, 28: 1}",174.3047619047619,178.3047619047619,"[4, 7, 11, 12]",4,7.0,224,49,0.32781481742858887,0.3339090347290039,0.3231773376464844,studentportuguese (30),6
3,3,"{42, 44, 28}","{42: 1, 44: 1, 28: 1}",174.3047619047619,"{42, 44, 28}","{42: 1, 44: 1, 28: 1}",174.3047619047619,177.3047619047619,"[4, 7, 11]",3,"{42, 44, 28}","{42: 1, 44: 1, 28: 1}",174.3047619047619,177.3047619047619,"[4, 7, 11]",3,7.0,224,49,0.3321220874786377,0.35523486137390137,0.3318300247192383,studentportuguese (30),6
3,2,"{42, 44, 28}","{42: 1, 44: 1, 28: 1}",174.3047619047619,"{42, 44, 28}","{42: 1, 44: 1, 28: 1}",174.3047619047619,176.3047619047619,"[4, 7]",2,"{42, 44, 28}","{42: 1, 44: 1, 28: 1}",174.3047619047619,176.3047619047619,"[4, 7]",2,7.0,224,49,0.31458401679992676,0.3100550174713135,0.34763216972351074,studentportuguese (30),6
3,1,"{42, 44, 28}","{42: 1, 44: 1, 28: 1}",174.3047619047619,"{42, 44, 28}","{42: 1, 44: 1, 28: 1}",174.3047619047619,175.3047619047619,[4],1,"{42, 44, 28}","{42: 1, 44: 1, 28: 1}",174.3047619047619,175.3047619047619,[4],1,7.0,224,49,0.35431814193725586,0.3748817443847656,0.3146853446960449,studentportuguese (30),6
3,0,"{42, 44, 28}","{42: 1, 44: 1, 28: 1}",174.3047619047619,"{42, 44, 28}","{42: 1, 44: 1, 28: 1}",174.3047619047619,174.3047619047619,[],0,"{42, 44, 28}","{42: 1, 44: 1, 28: 1}",174.3047619047619,174.3047619047619,[],0,7.0,224,49,0.3046400547027588,0.31926989555358887,0.31381797790527344,studentportuguese (30),6
4,4,"{42, 44, 28, 47}","{42: 1, 44: 1, 28: 1, 47: 1}",176.07142857142856,"{42, 44, 28, 47}","{42: 1, 44: 1, 28: 1, 47: 1}",176.07142857142856,180.07142857142856,"[4, 7, 11, 12]",4,"{42, 44, 28, 47}","{42: 1, 44: 1, 28: 1, 47: 1}",176.07142857142856,180.07142857142856,"[4, 7, 11, 12]",4,7.0,224,49,0.474215030670166,0.4353039264678955,0.4318692684173584,studentportuguese (30),6
4,3,"{42, 44, 28, 47}","{42: 1, 44: 1, 28: 1, 47: 1}",176.07142857142856,"{42, 44, 28, 47}","{42: 1, 44: 1, 28: 1, 47: 1}",176.07142857142856,179.07142857142856,"[4, 7, 11]",3,"{42, 44, 28, 47}","{42: 1, 44: 1, 28: 1, 47: 1}",176.07142857142856,179.07142857142856,"[4, 7, 11]",3,7.0,224,49,0.4296388626098633,0.39564990997314453,0.39456892013549805,studentportuguese (30),6
4,2,"{42, 44, 28, 47}","{42: 1, 44: 1, 28: 1, 47: 1}",176.07142857142856,"{42, 44, 28, 47}","{42: 1, 44: 1, 28: 1, 47: 1}",176.07142857142856,178.07142857142856,"[4, 7]",2,"{42, 44, 28, 47}","{42: 1, 44: 1, 28: 1, 47: 1}",176.07142857142856,178.07142857142856,"[4, 7]",2,7.0,224,49,0.41112709045410156,0.38782429695129395,0.39711499214172363,studentportuguese (30),6
4,1,"{42, 44, 28, 47}","{42: 1, 44: 1, 28: 1, 47: 1}",176.07142857142856,"{42, 44, 28, 47}","{42: 1, 44: 1, 28: 1, 47: 1}",176.07142857142856,177.07142857142856,[4],1,"{42, 44, 28, 47}","{42: 1, 44: 1, 28: 1, 47: 1}",176.07142857142856,177.07142857142856,[4],1,7.0,224,49,0.422868013381958,0.4001898765563965,0.40093183517456055,studentportuguese (30),6
4,0,"{42, 44, 28, 47}","{42: 1, 44: 1, 28: 1, 47: 1}",176.07142857142856,"{42, 44, 28, 47}","{42: 1, 44: 1, 28: 1, 47: 1}",176.07142857142856,176.07142857142856,[],0,"{42, 44, 28, 47}","{42: 1, 44: 1, 28: 1, 47: 1}",176.07142857142856,176.07142857142856,[],0,7.0,224,49,0.40050411224365234,0.40399909019470215,0.39031076431274414,studentportuguese (30),6
5,4,"{41, 42, 44, 47, 28}","{41: 1, 42: 1, 44: 1, 47: 1, 28: 1}",177.57142857142856,"{41, 42, 44, 47, 28}","{41: 1, 42: 1, 44: 1, 47: 1, 28: 1}",177.57142857142856,181.57142857142856,"[4, 7, 11, 12]",4,"{41, 42, 44, 47, 28}","{41: 1, 42: 1, 44: 1, 47: 1, 28: 1}",177.57142857142856,181.57142857142856,"[4, 7, 11, 12]",4,7.0,224,49,0.4954380989074707,0.5112388134002686,0.4898800849914551,studentportuguese (30),6
5,3,"{41, 42, 44, 47, 28}","{41: 1, 42: 1, 44: 1, 47: 1, 28: 1}",177.57142857142856,"{41, 42, 44, 47, 28}","{41: 1, 42: 1, 44: 1, 47: 1, 28: 1}",177.57142857142856,180.57142857142856,"[4, 7, 11]",3,"{41, 42, 44, 47, 28}","{41: 1, 42: 1, 44: 1, 47: 1, 28: 1}",177.57142857142856,180.57142857142856,"[4, 7, 11]",3,7.0,224,49,0.4793128967285156,0.5253241062164307,0.4802870750427246,studentportuguese (30),6
5,2,"{41, 42, 44, 47, 28}","{41: 1, 42: 1, 44: 1, 47: 1, 28: 1}",177.57142857142856,"{41, 42, 44, 47, 28}","{41: 1, 42: 1, 44: 1, 47: 1, 28: 1}",177.57142857142856,179.57142857142856,"[4, 7]",2,"{41, 42, 44, 47, 28}","{41: 1, 42: 1, 44: 1, 47: 1, 28: 1}",177.57142857142856,179.57142857142856,"[4, 7]",2,7.0,224,49,0.4744889736175537,0.48180389404296875,0.490192174911499,studentportuguese (30),6
5,1,"{41, 42, 44, 47, 28}","{41: 1, 42: 1, 44: 1, 47: 1, 28: 1}",177.57142857142856,"{41, 42, 44, 47, 28}","{41: 1, 42: 1, 44: 1, 47: 1, 28: 1}",177.57142857142856,178.57142857142856,[4],1,"{41, 42, 44, 47, 28}","{41: 1, 42: 1, 44: 1, 47: 1, 28: 1}",177.57142857142856,178.57142857142856,[4],1,7.0,224,49,0.47689008712768555,0.49211764335632324,0.49840831756591797,studentportuguese (30),6
5,0,"{41, 42, 44, 47, 28}","{41: 1, 42: 1, 44: 1, 47: 1, 28: 1}",177.57142857142856,"{41, 42, 44, 47, 28}","{41: 1, 42: 1, 44: 1, 47: 1, 28: 1}",177.57142857142856,177.57142857142856,[],0,"{41, 42, 44, 47, 28}","{41: 1, 42: 1, 44: 1, 47: 1, 28: 1}",177.57142857142856,177.57142857142856,[],0,7.0,224,49,0.5000550746917725,0.5203747749328613,0.5546212196350098,studentportuguese (30),6
1,4,{42},{42: 1},185.71396970687593,{42},{42: 1},185.71396970687593,189.71396970687593,"[15, 23, 27, 29]",4,{42},{42: 1},185.71396970687593,189.71396970687593,"[15, 23, 27, 29]",4,7.5,224,50,0.1654341220855713,0.1639409065246582,0.1646289825439453,studentportuguese (30),7
1,3,{42},{42: 1},185.71396970687593,{42},{42: 1},185.71396970687593,188.71396970687593,"[15, 23, 27]",3,{42},{42: 1},185.71396970687593,188.71396970687593,"[15, 23, 27]",3,7.5,224,50,0.13385701179504395,0.14476394653320312,0.1479320526123047,studentportuguese (30),7
1,2,{42},{42: 1},185.71396970687593,{42},{42: 1},185.71396970687593,187.71396970687593,"[15, 23]",2,{42},{42: 1},185.71396970687593,187.71396970687593,"[15, 23]",2,7.5,224,50,0.1410531997680664,0.14693880081176758,0.14731311798095703,studentportuguese (30),7
1,1,{42},{42: 1},185.71396970687593,{42},{42: 1},185.71396970687593,186.71396970687593,[15],1,{42},{42: 1},185.71396970687593,186.71396970687593,[15],1,7.5,224,50,0.14496469497680664,0.1358201503753662,0.13736391067504883,studentportuguese (30),7
1,0,{42},{42: 1},185.71396970687593,{42},{42: 1},185.71396970687593,185.71396970687593,[],0,{42},{42: 1},185.71396970687593,185.71396970687593,[],0,7.5,224,50,0.1454458236694336,0.15285110473632812,0.15013790130615234,studentportuguese (30),7
2,4,"{42, 44}","{42: 1, 44: 1}",193.3166666666667,"{42, 44}","{42: 1, 44: 1}",193.3166666666667,197.3166666666667,"[15, 23, 27, 29]",4,"{42, 44}","{42: 1, 44: 1}",193.3166666666667,197.3166666666667,"[15, 23, 27, 29]",4,7.5,224,50,0.3189811706542969,0.2914090156555176,0.2795748710632324,studentportuguese (30),7
2,3,"{42, 44}","{42: 1, 44: 1}",193.3166666666667,"{42, 44}","{42: 1, 44: 1}",193.3166666666667,196.3166666666667,"[15, 23, 27]",3,"{42, 44}","{42: 1, 44: 1}",193.3166666666667,196.3166666666667,"[15, 23, 27]",3,7.5,224,50,0.2800772190093994,0.3076517581939697,0.30768513679504395,studentportuguese (30),7
2,2,"{42, 44}","{42: 1, 44: 1}",193.3166666666667,"{42, 44}","{42: 1, 44: 1}",193.3166666666667,195.3166666666667,"[15, 23]",2,"{42, 44}","{42: 1, 44: 1}",193.3166666666667,195.3166666666667,"[15, 23]",2,7.5,224,50,0.2773888111114502,0.2931802272796631,0.3039281368255615,studentportuguese (30),7
2,1,"{42, 44}","{42: 1, 44: 1}",193.3166666666667,"{42, 44}","{42: 1, 44: 1}",193.3166666666667,194.3166666666667,[15],1,"{42, 44}","{42: 1, 44: 1}",193.3166666666667,194.3166666666667,[15],1,7.5,224,50,0.30445313453674316,0.31103992462158203,0.3078591823577881,studentportuguese (30),7
2,0,"{42, 44}","{42: 1, 44: 1}",193.3166666666667,"{42, 44}","{42: 1, 44: 1}",193.3166666666667,193.3166666666667,[],0,"{42, 44}","{42: 1, 44: 1}",193.3166666666667,193.3166666666667,[],0,7.5,224,50,0.292492151260376,0.3271009922027588,0.3115870952606201,studentportuguese (30),7
3,4,"{42, 44, 47}","{42: 1, 44: 1, 47: 1}",196.08333333333334,"{42, 44, 47}","{42: 1, 44: 1, 47: 1}",196.08333333333334,200.08333333333334,"[15, 23, 27, 29]",4,"{42, 44, 47}","{42: 1, 44: 1, 47: 1}",196.08333333333334,200.08333333333334,"[15, 23, 27, 29]",4,7.5,224,50,0.4776346683502197,0.4326820373535156,0.437211275100708,studentportuguese (30),7
3,3,"{42, 44, 47}","{42: 1, 44: 1, 47: 1}",196.08333333333334,"{42, 44, 47}","{42: 1, 44: 1, 47: 1}",196.08333333333334,199.08333333333334,"[15, 23, 27]",3,"{42, 44, 47}","{42: 1, 44: 1, 47: 1}",196.08333333333334,199.08333333333334,"[15, 23, 27]",3,7.5,224,50,0.4364752769470215,0.4402608871459961,0.4570639133453369,studentportuguese (30),7
3,2,"{42, 44, 47}","{42: 1, 44: 1, 47: 1}",196.08333333333334,"{42, 44, 47}","{42: 1, 44: 1, 47: 1}",196.08333333333334,198.08333333333334,"[15, 23]",2,"{42, 44, 47}","{42: 1, 44: 1, 47: 1}",196.08333333333334,198.08333333333334,"[15, 23]",2,7.5,224,50,0.438723087310791,0.4419388771057129,0.4308490753173828,studentportuguese (30),7
3,1,"{42, 44, 47}","{42: 1, 44: 1, 47: 1}",196.08333333333334,"{42, 44, 47}","{42: 1, 44: 1, 47: 1}",196.08333333333334,197.08333333333334,[15],1,"{42, 44, 47}","{42: 1, 44: 1, 47: 1}",196.08333333333334,197.08333333333334,[15],1,7.5,224,50,0.4763951301574707,0.5213339328765869,0.5703601837158203,studentportuguese (30),7
3,0,"{42, 44, 47}","{42: 1, 44: 1, 47: 1}",196.08333333333334,"{42, 44, 47}","{42: 1, 44: 1, 47: 1}",196.08333333333334,196.08333333333334,[],0,"{42, 44, 47}","{42: 1, 44: 1, 47: 1}",196.08333333333334,196.08333333333334,[],0,7.5,224,50,0.5855898857116699,0.4821639060974121,0.6054949760437012,studentportuguese (30),7
4,4,"{16, 42, 44, 47}","{16: 1, 42: 1, 44: 1, 47: 1}",197.53333333333333,"{16, 42, 44, 47}","{16: 1, 42: 1, 44: 1, 47: 1}",197.53333333333333,201.53333333333333,"[15, 23, 27, 29]",4,"{16, 42, 44, 47}","{16: 1, 42: 1, 44: 1, 47: 1}",197.53333333333333,201.53333333333333,"[15, 23, 27, 29]",4,7.5,224,50,0.6942989826202393,0.7302830219268799,0.6343889236450195,studentportuguese (30),7
4,3,"{16, 42, 44, 47}","{16: 1, 42: 1, 44: 1, 47: 1}",197.53333333333333,"{16, 42, 44, 47}","{16: 1, 42: 1, 44: 1, 47: 1}",197.53333333333333,200.53333333333333,"[15, 23, 27]",3,"{16, 42, 44, 47}","{16: 1, 42: 1, 44: 1, 47: 1}",197.53333333333333,200.53333333333333,"[15, 23, 27]",3,7.5,224,50,0.7895219326019287,0.7739279270172119,0.6954770088195801,studentportuguese (30),7
4,2,"{16, 42, 44, 47}","{16: 1, 42: 1, 44: 1, 47: 1}",197.53333333333333,"{16, 42, 44, 47}","{16: 1, 42: 1, 44: 1, 47: 1}",197.53333333333333,199.53333333333333,"[15, 23]",2,"{16, 42, 44, 47}","{16: 1, 42: 1, 44: 1, 47: 1}",197.53333333333333,199.53333333333333,"[15, 23]",2,7.5,224,50,0.6342899799346924,0.709263801574707,0.618781328201294,studentportuguese (30),7
4,1,"{16, 42, 44, 47}","{16: 1, 42: 1, 44: 1, 47: 1}",197.53333333333333,"{16, 42, 44, 47}","{16: 1, 42: 1, 44: 1, 47: 1}",197.53333333333333,198.53333333333333,[15],1,"{16, 42, 44, 47}","{16: 1, 42: 1, 44: 1, 47: 1}",197.53333333333333,198.53333333333333,[15],1,7.5,224,50,0.6566600799560547,0.6544110774993896,0.696476936340332,studentportuguese (30),7
4,0,"{16, 42, 44, 47}","{16: 1, 42: 1, 44: 1, 47: 1}",197.53333333333333,"{16, 42, 44, 47}","{16: 1, 42: 1, 44: 1, 47: 1}",197.53333333333333,197.53333333333333,[],0,"{16, 42, 44, 47}","{16: 1, 42: 1, 44: 1, 47: 1}",197.53333333333333,197.53333333333333,[],0,7.5,224,50,0.7661130428314209,0.6686091423034668,0.6170589923858643,studentportuguese (30),7
5,4,"{39, 42, 44, 47, 16}","{39: 1, 42: 1, 44: 1, 47: 1, 16: 1}",198.78333333333333,"{39, 42, 44, 47, 16}","{39: 1, 42: 1, 44: 1, 47: 1, 16: 1}",198.78333333333333,202.78333333333333,"[15, 23, 27, 29]",4,"{39, 42, 44, 47, 16}","{39: 1, 42: 1, 44: 1, 47: 1, 16: 1}",198.78333333333333,202.78333333333333,"[15, 23, 27, 29]",4,7.5,224,50,0.7957770824432373,0.8351259231567383,0.8318922519683838,studentportuguese (30),7
5,3,"{39, 42, 44, 47, 16}","{39: 1, 42: 1, 44: 1, 47: 1, 16: 1}",198.78333333333333,"{39, 42, 44, 47, 16}","{39: 1, 42: 1, 44: 1, 47: 1, 16: 1}",198.78333333333333,201.78333333333333,"[15, 23, 27]",3,"{39, 42, 44, 47, 16}","{39: 1, 42: 1, 44: 1, 47: 1, 16: 1}",198.78333333333333,201.78333333333333,"[15, 23, 27]",3,7.5,224,50,0.8753752708435059,0.8674769401550293,0.8179879188537598,studentportuguese (30),7
5,2,"{39, 42, 44, 47, 16}","{39: 1, 42: 1, 44: 1, 47: 1, 16: 1}",198.78333333333333,"{39, 42, 44, 47, 16}","{39: 1, 42: 1, 44: 1, 47: 1, 16: 1}",198.78333333333333,200.78333333333333,"[15, 23]",2,"{39, 42, 44, 47, 16}","{39: 1, 42: 1, 44: 1, 47: 1, 16: 1}",198.78333333333333,200.78333333333333,"[15, 23]",2,7.5,224,50,0.8870809078216553,1.291327953338623,1.0688941478729248,studentportuguese (30),7
5,1,"{39, 42, 44, 47, 16}","{39: 1, 42: 1, 44: 1, 47: 1, 16: 1}",198.78333333333333,"{39, 42, 44, 47, 16}","{39: 1, 42: 1, 44: 1, 47: 1, 16: 1}",198.78333333333333,199.78333333333333,[15],1,"{39, 42, 44, 47, 16}","{39: 1, 42: 1, 44: 1, 47: 1, 16: 1}",198.78333333333333,199.78333333333333,[15],1,7.5,224,50,0.9771459102630615,0.9680581092834473,1.250093936920166,studentportuguese (30),7
5,0,"{39, 42, 44, 47, 16}","{39: 1, 42: 1, 44: 1, 47: 1, 16: 1}",198.78333333333333,"{39, 42, 44, 47, 16}","{39: 1, 42: 1, 44: 1, 47: 1, 16: 1}",198.78333333333333,198.78333333333333,[],0,"{39, 42, 44, 47, 16}","{39: 1, 42: 1, 44: 1, 47: 1, 16: 1}",198.78333333333333,198.78333333333333,[],0,7.5,224,50,1.096153974533081,1.034057855606079,1.050771951675415,studentportuguese (30),7
1,4,{42},{42: 1},201.12025987858036,{42},{42: 1},201.12025987858036,205.12025987858036,"[23, 27, 55, 71]",4,{42},{42: 1},201.12025987858036,205.12025987858036,"[23, 27, 55, 71]",4,8.0,224,50,0.352741003036499,0.27994775772094727,0.30434703826904297,studentportuguese (30),8
1,3,{42},{42: 1},201.12025987858036,{42},{42: 1},201.12025987858036,204.12025987858036,"[23, 27, 55]",3,{42},{42: 1},201.12025987858036,204.12025987858036,"[23, 27, 55]",3,8.0,224,50,0.2692747116088867,0.335582971572876,0.31620216369628906,studentportuguese (30),8
1,2,{42},{42: 1},201.12025987858036,{42},{42: 1},201.12025987858036,203.12025987858036,"[23, 27]",2,{42},{42: 1},201.12025987858036,203.12025987858036,"[23, 27]",2,8.0,224,50,0.31084108352661133,0.3319220542907715,0.37204885482788086,studentportuguese (30),8
1,1,{42},{42: 1},201.12025987858036,{42},{42: 1},201.12025987858036,202.12025987858036,[23],1,{42},{42: 1},201.12025987858036,202.12025987858036,[23],1,8.0,224,50,0.2868809700012207,0.28262901306152344,0.2904350757598877,studentportuguese (30),8
1,0,{42},{42: 1},201.12025987858036,{42},{42: 1},201.12025987858036,201.12025987858036,[],0,{42},{42: 1},201.12025987858036,201.12025987858036,[],0,8.0,224,50,0.23871707916259766,0.2789149284362793,0.30474090576171875,studentportuguese (30),8
2,4,"{42, 44}","{42: 1, 44: 1}",207.78626373626375,"{42, 44}","{42: 1, 44: 1}",207.78626373626375,211.78626373626375,"[23, 27, 55, 71]",4,"{42, 44}","{42: 1, 44: 1}",207.78626373626375,211.78626373626375,"[23, 27, 55, 71]",4,8.0,224,50,0.7050037384033203,0.5947210788726807,0.6741819381713867,studentportuguese (30),8
2,3,"{42, 44}","{42: 1, 44: 1}",207.78626373626375,"{42, 44}","{42: 1, 44: 1}",207.78626373626375,210.78626373626375,"[23, 27, 55]",3,"{42, 44}","{42: 1, 44: 1}",207.78626373626375,210.78626373626375,"[23, 27, 55]",3,8.0,224,50,0.696282148361206,0.5936498641967773,0.6045770645141602,studentportuguese (30),8
2,2,"{42, 44}","{42: 1, 44: 1}",207.78626373626375,"{42, 44}","{42: 1, 44: 1}",207.78626373626375,209.78626373626375,"[23, 27]",2,"{42, 44}","{42: 1, 44: 1}",207.78626373626375,209.78626373626375,"[23, 27]",2,8.0,224,50,0.5915749073028564,0.5737168788909912,0.6136791706085205,studentportuguese (30),8
2,1,"{42, 44}","{42: 1, 44: 1}",207.78626373626375,"{42, 44}","{42: 1, 44: 1}",207.78626373626375,208.78626373626375,[23],1,"{42, 44}","{42: 1, 44: 1}",207.78626373626375,208.78626373626375,[23],1,8.0,224,50,0.5951399803161621,0.5882911682128906,0.610724925994873,studentportuguese (30),8
2,0,"{42, 44}","{42: 1, 44: 1}",207.78626373626375,"{42, 44}","{42: 1, 44: 1}",207.78626373626375,207.78626373626375,[],0,"{42, 44}","{42: 1, 44: 1}",207.78626373626375,207.78626373626375,[],0,8.0,224,50,0.602104902267456,0.6180918216705322,0.6410009860992432,studentportuguese (30),8
3,4,"{24, 42, 44}","{24: 1, 42: 1, 44: 1}",210.10769230769233,"{24, 42, 44}","{24: 1, 42: 1, 44: 1}",210.10769230769233,214.10769230769233,"[23, 27, 55, 71]",4,"{24, 42, 44}","{24: 1, 42: 1, 44: 1}",210.10769230769233,214.10769230769233,"[23, 27, 55, 71]",4,8.0,224,50,0.976452112197876,1.194018840789795,1.0293221473693848,studentportuguese (30),8
3,3,"{24, 42, 44}","{24: 1, 42: 1, 44: 1}",210.10769230769233,"{24, 42, 44}","{24: 1, 42: 1, 44: 1}",210.10769230769233,213.10769230769233,"[23, 27, 55]",3,"{24, 42, 44}","{24: 1, 42: 1, 44: 1}",210.10769230769233,213.10769230769233,"[23, 27, 55]",3,8.0,224,50,1.0074560642242432,0.9832980632781982,0.9874749183654785,studentportuguese (30),8
3,2,"{24, 42, 44}","{24: 1, 42: 1, 44: 1}",210.10769230769233,"{24, 42, 44}","{24: 1, 42: 1, 44: 1}",210.10769230769233,212.10769230769233,"[23, 27]",2,"{24, 42, 44}","{24: 1, 42: 1, 44: 1}",210.10769230769233,212.10769230769233,"[23, 27]",2,8.0,224,50,0.9109580516815186,0.8852617740631104,0.968055009841919,studentportuguese (30),8
3,1,"{24, 42, 44}","{24: 1, 42: 1, 44: 1}",210.10769230769233,"{24, 42, 44}","{24: 1, 42: 1, 44: 1}",210.10769230769233,211.10769230769233,[23],1,"{24, 42, 44}","{24: 1, 42: 1, 44: 1}",210.10769230769233,211.10769230769233,[23],1,8.0,224,50,0.9563369750976562,1.0797100067138672,0.9368598461151123,studentportuguese (30),8
3,0,"{24, 42, 44}","{24: 1, 42: 1, 44: 1}",210.10769230769233,"{24, 42, 44}","{24: 1, 42: 1, 44: 1}",210.10769230769233,210.10769230769233,[],0,"{24, 42, 44}","{24: 1, 42: 1, 44: 1}",210.10769230769233,210.10769230769233,[],0,8.0,224,50,0.8862078189849854,0.888803243637085,1.0058479309082031,studentportuguese (30),8
4,4,"{24, 42, 44, 12}","{24: 1, 42: 1, 44: 1, 12: 1}",211.80769230769232,"{24, 42, 44, 12}","{24: 1, 42: 1, 44: 1, 12: 1}",211.80769230769232,215.80769230769232,"[23, 27, 55, 71]",4,"{24, 42, 44, 12}","{24: 1, 42: 1, 44: 1, 12: 1}",211.80769230769232,215.80769230769232,"[23, 27, 55, 71]",4,8.0,224,50,1.1060128211975098,1.4996190071105957,1.4956002235412598,studentportuguese (30),8
4,3,"{24, 42, 44, 12}","{24: 1, 42: 1, 44: 1, 12: 1}",211.80769230769232,"{24, 42, 44, 12}","{24: 1, 42: 1, 44: 1, 12: 1}",211.80769230769232,214.80769230769232,"[23, 27, 55]",3,"{24, 42, 44, 12}","{24: 1, 42: 1, 44: 1, 12: 1}",211.80769230769232,214.80769230769232,"[23, 27, 55]",3,8.0,224,50,1.2796509265899658,1.2558395862579346,1.2700910568237305,studentportuguese (30),8
4,2,"{24, 42, 44, 12}","{24: 1, 42: 1, 44: 1, 12: 1}",211.80769230769232,"{24, 42, 44, 12}","{24: 1, 42: 1, 44: 1, 12: 1}",211.80769230769232,213.80769230769232,"[23, 27]",2,"{24, 42, 44, 12}","{24: 1, 42: 1, 44: 1, 12: 1}",211.80769230769232,213.80769230769232,"[23, 27]",2,8.0,224,50,1.3684470653533936,1.3911809921264648,1.2777280807495117,studentportuguese (30),8
4,1,"{24, 42, 44, 12}","{24: 1, 42: 1, 44: 1, 12: 1}",211.80769230769232,"{24, 42, 44, 12}","{24: 1, 42: 1, 44: 1, 12: 1}",211.80769230769232,212.80769230769232,[23],1,"{24, 42, 44, 12}","{24: 1, 42: 1, 44: 1, 12: 1}",211.80769230769232,212.80769230769232,[23],1,8.0,224,50,1.2494750022888184,1.4302515983581543,1.3932182788848877,studentportuguese (30),8
4,0,"{24, 42, 44, 12}","{24: 1, 42: 1, 44: 1, 12: 1}",211.80769230769232,"{24, 42, 44, 12}","{24: 1, 42: 1, 44: 1, 12: 1}",211.80769230769232,211.80769230769232,[],0,"{24, 42, 44, 12}","{24: 1, 42: 1, 44: 1, 12: 1}",211.80769230769232,211.80769230769232,[],0,8.0,224,50,1.2100412845611572,1.3011009693145752,1.3443841934204102,studentportuguese (30),8
5,4,"{42, 44, 12, 18, 24}","{42: 1, 44: 1, 12: 1, 18: 1, 24: 1}",212.64102564102566,"{42, 44, 12, 18, 24}","{42: 1, 44: 1, 12: 1, 18: 1, 24: 1}",212.64102564102566,216.64102564102566,"[23, 27, 55, 71]",4,"{42, 44, 12, 18, 24}","{42: 1, 44: 1, 12: 1, 18: 1, 24: 1}",212.64102564102566,216.64102564102566,"[23, 27, 55, 71]",4,8.0,224,50,1.5638608932495117,1.638296127319336,1.4686777591705322,studentportuguese (30),8
5,3,"{42, 44, 12, 18, 24}","{42: 1, 44: 1, 12: 1, 18: 1, 24: 1}",212.64102564102566,"{42, 44, 12, 18, 24}","{42: 1, 44: 1, 12: 1, 18: 1, 24: 1}",212.64102564102566,215.64102564102566,"[23, 27, 55]",3,"{42, 44, 12, 18, 24}","{42: 1, 44: 1, 12: 1, 18: 1, 24: 1}",212.64102564102566,215.64102564102566,"[23, 27, 55]",3,8.0,224,50,1.4042553901672363,1.2160568237304688,1.3013989925384521,studentportuguese (30),8
5,2,"{42, 44, 12, 18, 24}","{42: 1, 44: 1, 12: 1, 18: 1, 24: 1}",212.64102564102566,"{42, 44, 12, 18, 24}","{42: 1, 44: 1, 12: 1, 18: 1, 24: 1}",212.64102564102566,214.64102564102566,"[23, 27]",2,"{42, 44, 12, 18, 24}","{42: 1, 44: 1, 12: 1, 18: 1, 24: 1}",212.64102564102566,214.64102564102566,"[23, 27]",2,8.0,224,50,1.2615160942077637,1.5230159759521484,1.2506370544433594,studentportuguese (30),8
5,1,"{42, 44, 12, 18, 24}","{42: 1, 44: 1, 12: 1, 18: 1, 24: 1}",212.64102564102566,"{42, 44, 12, 18, 24}","{42: 1, 44: 1, 12: 1, 18: 1, 24: 1}",212.64102564102566,213.64102564102566,[23],1,"{42, 44, 12, 18, 24}","{42: 1, 44: 1, 12: 1, 18: 1, 24: 1}",212.64102564102566,213.64102564102566,[23],1,8.0,224,50,1.1488549709320068,1.37534499168396,1.8954150676727295,studentportuguese (30),8
5,0,"{42, 44, 12, 18, 24}","{42: 1, 44: 1, 12: 1, 18: 1, 24: 1}",212.64102564102566,"{42, 44, 12, 18, 24}","{42: 1, 44: 1, 12: 1, 18: 1, 24: 1}",212.64102564102566,212.64102564102566,[],0,"{42, 44, 12, 18, 24}","{42: 1, 44: 1, 12: 1, 18: 1, 24: 1}",212.64102564102566,212.64102564102566,[],0,8.0,224,50,1.694488763809204,1.9774701595306396,1.440476894378662,studentportuguese (30),8
1,4,{42},{42: 1},212.33983588874892,{42},{42: 1},212.33983588874892,216.33983588874892,"[55, 131, 140, 208]",4,{42},{42: 1},212.33983588874892,216.33983588874892,"[55, 131, 140, 208]",4,8.5,224,50,0.3048853874206543,0.32694315910339355,0.32044124603271484,studentportuguese (30),9
1,3,{42},{42: 1},212.33983588874892,{42},{42: 1},212.33983588874892,215.33983588874892,"[55, 131, 140]",3,{42},{42: 1},212.33983588874892,215.33983588874892,"[55, 131, 140]",3,8.5,224,50,0.35514235496520996,0.35407471656799316,0.37134528160095215,studentportuguese (30),9
1,2,{42},{42: 1},212.33983588874892,{42},{42: 1},212.33983588874892,214.33983588874892,"[55, 131]",2,{42},{42: 1},212.33983588874892,214.33983588874892,"[55, 131]",2,8.5,224,50,0.3426692485809326,0.337954044342041,0.3166027069091797,studentportuguese (30),9
1,1,{42},{42: 1},212.33983588874892,{42},{42: 1},212.33983588874892,213.33983588874892,[55],1,{42},{42: 1},212.33983588874892,213.33983588874892,[55],1,8.5,224,50,0.4071018695831299,0.5838949680328369,0.37841296195983887,studentportuguese (30),9
1,0,{42},{42: 1},212.33983588874892,{42},{42: 1},212.33983588874892,212.33983588874892,[],0,{42},{42: 1},212.33983588874892,212.33983588874892,[],0,8.5,224,50,0.3452150821685791,0.3614339828491211,0.34447717666625977,studentportuguese (30),9
2,4,"{42, 44}","{42: 1, 44: 1}",216.64285714285714,"{42, 44}","{42: 1, 44: 1}",216.64285714285714,220.64285714285714,"[55, 131, 140, 208]",4,"{42, 44}","{42: 1, 44: 1}",216.64285714285714,220.64285714285714,"[55, 131, 140, 208]",4,8.5,224,50,0.6359012126922607,0.6488490104675293,0.6415081024169922,studentportuguese (30),9
2,3,"{42, 44}","{42: 1, 44: 1}",216.64285714285714,"{42, 44}","{42: 1, 44: 1}",216.64285714285714,219.64285714285714,"[55, 131, 140]",3,"{42, 44}","{42: 1, 44: 1}",216.64285714285714,219.64285714285714,"[55, 131, 140]",3,8.5,224,50,0.6569828987121582,0.7109448909759521,0.7774078845977783,studentportuguese (30),9
2,2,"{42, 44}","{42: 1, 44: 1}",216.64285714285714,"{42, 44}","{42: 1, 44: 1}",216.64285714285714,218.64285714285714,"[55, 131]",2,"{42, 44}","{42: 1, 44: 1}",216.64285714285714,218.64285714285714,"[55, 131]",2,8.5,224,50,0.6569139957427979,0.5767059326171875,0.6501128673553467,studentportuguese (30),9
2,1,"{42, 44}","{42: 1, 44: 1}",216.64285714285714,"{42, 44}","{42: 1, 44: 1}",216.64285714285714,217.64285714285714,[55],1,"{42, 44}","{42: 1, 44: 1}",216.64285714285714,217.64285714285714,[55],1,8.5,224,50,0.776176929473877,0.717033863067627,0.679638147354126,studentportuguese (30),9
2,0,"{42, 44}","{42: 1, 44: 1}",216.64285714285714,"{42, 44}","{42: 1, 44: 1}",216.64285714285714,216.64285714285714,[],0,"{42, 44}","{42: 1, 44: 1}",216.64285714285714,216.64285714285714,[],0,8.5,224,50,0.6885199546813965,0.7905058860778809,1.0027668476104736,studentportuguese (30),9
3,4,"{42, 44, 39}","{42: 1, 44: 1, 39: 1}",218.04285714285714,"{42, 44, 39}","{42: 1, 44: 1, 39: 1}",218.04285714285714,222.04285714285714,"[55, 131, 140, 208]",4,"{42, 44, 39}","{42: 1, 44: 1, 39: 1}",218.04285714285714,222.04285714285714,"[55, 131, 140, 208]",4,8.5,224,50,1.2528319358825684,1.0594329833984375,0.9859199523925781,studentportuguese (30),9
3,3,"{42, 44, 39}","{42: 1, 44: 1, 39: 1}",218.04285714285714,"{42, 44, 39}","{42: 1, 44: 1, 39: 1}",218.04285714285714,221.04285714285714,"[55, 131, 140]",3,"{42, 44, 39}","{42: 1, 44: 1, 39: 1}",218.04285714285714,221.04285714285714,"[55, 131, 140]",3,8.5,224,50,0.9917957782745361,1.0948641300201416,1.026134967803955,studentportuguese (30),9
3,2,"{42, 44, 39}","{42: 1, 44: 1, 39: 1}",218.04285714285714,"{42, 44, 39}","{42: 1, 44: 1, 39: 1}",218.04285714285714,220.04285714285714,"[55, 131]",2,"{42, 44, 39}","{42: 1, 44: 1, 39: 1}",218.04285714285714,220.04285714285714,"[55, 131]",2,8.5,224,50,0.9668352603912354,0.974642276763916,1.018338680267334,studentportuguese (30),9
3,1,"{42, 44, 39}","{42: 1, 44: 1, 39: 1}",218.04285714285714,"{42, 44, 39}","{42: 1, 44: 1, 39: 1}",218.04285714285714,219.04285714285714,[55],1,"{42, 44, 39}","{42: 1, 44: 1, 39: 1}",218.04285714285714,219.04285714285714,[55],1,8.5,224,50,1.0474920272827148,1.0959210395812988,1.2328081130981445,studentportuguese (30),9
3,0,"{42, 44, 39}","{42: 1, 44: 1, 39: 1}",218.04285714285714,"{42, 44, 39}","{42: 1, 44: 1, 39: 1}",218.04285714285714,218.04285714285714,[],0,"{42, 44, 39}","{42: 1, 44: 1, 39: 1}",218.04285714285714,218.04285714285714,[],0,8.5,224,50,0.9834880828857422,1.0238358974456787,0.9874517917633057,studentportuguese (30),9
4,4,"{42, 44, 28, 39}","{42: 1, 44: 1, 28: 1, 39: 1}",219.14285714285714,"{42, 44, 28, 39}","{42: 1, 44: 1, 28: 1, 39: 1}",219.14285714285714,223.14285714285714,"[55, 131, 140, 208]",4,"{42, 44, 28, 39}","{42: 1, 44: 1, 28: 1, 39: 1}",219.14285714285714,223.14285714285714,"[55, 131, 140, 208]",4,8.5,224,50,1.6296980381011963,1.4273128509521484,1.7294580936431885,studentportuguese (30),9
4,3,"{42, 44, 28, 39}","{42: 1, 44: 1, 28: 1, 39: 1}",219.14285714285714,"{42, 44, 28, 39}","{42: 1, 44: 1, 28: 1, 39: 1}",219.14285714285714,222.14285714285714,"[55, 131, 140]",3,"{42, 44, 28, 39}","{42: 1, 44: 1, 28: 1, 39: 1}",219.14285714285714,222.14285714285714,"[55, 131, 140]",3,8.5,224,50,1.777575969696045,1.6020610332489014,1.3935391902923584,studentportuguese (30),9
4,2,"{42, 44, 28, 39}","{42: 1, 44: 1, 28: 1, 39: 1}",219.14285714285714,"{42, 44, 28, 39}","{42: 1, 44: 1, 28: 1, 39: 1}",219.14285714285714,221.14285714285714,"[55, 131]",2,"{42, 44, 28, 39}","{42: 1, 44: 1, 28: 1, 39: 1}",219.14285714285714,221.14285714285714,"[55, 131]",2,8.5,224,50,1.3314838409423828,1.4544219970703125,1.503338098526001,studentportuguese (30),9
4,1,"{42, 44, 28, 39}","{42: 1, 44: 1, 28: 1, 39: 1}",219.14285714285714,"{42, 44, 28, 39}","{42: 1, 44: 1, 28: 1, 39: 1}",219.14285714285714,220.14285714285714,[55],1,"{42, 44, 28, 39}","{42: 1, 44: 1, 28: 1, 39: 1}",219.14285714285714,220.14285714285714,[55],1,8.5,224,50,1.613131046295166,1.9129939079284668,2.097043991088867,studentportuguese (30),9
4,0,"{42, 44, 28, 39}","{42: 1, 44: 1, 28: 1, 39: 1}",219.14285714285714,"{42, 44, 28, 39}","{42: 1, 44: 1, 28: 1, 39: 1}",219.14285714285714,219.14285714285714,[],0,"{42, 44, 28, 39}","{42: 1, 44: 1, 28: 1, 39: 1}",219.14285714285714,219.14285714285714,[],0,8.5,224,50,1.799901008605957,1.5413341522216797,1.6151669025421143,studentportuguese (30),9
5,4,"{39, 42, 44, 13, 28}","{39: 1, 42: 1, 44: 1, 13: 1, 28: 1}",220.0,"{39, 42, 44, 13, 28}","{39: 1, 42: 1, 44: 1, 13: 1, 28: 1}",220.0,224.0,"[55, 131, 140, 208]",4,"{39, 42, 44, 13, 28}","{39: 1, 42: 1, 44: 1, 13: 1, 28: 1}",220.0,224.0,"[55, 131, 140, 208]",4,8.5,224,50,1.8968238830566406,1.8200061321258545,2.166764974594116,studentportuguese (30),9
5,3,"{39, 42, 44, 13, 28}","{39: 1, 42: 1, 44: 1, 13: 1, 28: 1}",220.0,"{39, 42, 44, 13, 28}","{39: 1, 42: 1, 44: 1, 13: 1, 28: 1}",220.0,223.0,"[55, 131, 140]",3,"{39, 42, 44, 13, 28}","{39: 1, 42: 1, 44: 1, 13: 1, 28: 1}",220.0,223.0,"[55, 131, 140]",3,8.5,224,50,1.7774631977081299,1.7662231922149658,1.654315710067749,studentportuguese (30),9
5,2,"{39, 42, 44, 13, 28}","{39: 1, 42: 1, 44: 1, 13: 1, 28: 1}",220.0,"{39, 42, 44, 13, 28}","{39: 1, 42: 1, 44: 1, 13: 1, 28: 1}",220.0,222.0,"[55, 131]",2,"{39, 42, 44, 13, 28}","{39: 1, 42: 1, 44: 1, 13: 1, 28: 1}",220.0,222.0,"[55, 131]",2,8.5,224,50,1.5528061389923096,1.6194932460784912,1.520949125289917,studentportuguese (30),9
5,1,"{39, 42, 44, 13, 28}","{39: 1, 42: 1, 44: 1, 13: 1, 28: 1}",220.0,"{39, 42, 44, 13, 28}","{39: 1, 42: 1, 44: 1, 13: 1, 28: 1}",220.0,221.0,[55],1,"{39, 42, 44, 13, 28}","{39: 1, 42: 1, 44: 1, 13: 1, 28: 1}",220.0,221.0,[55],1,8.5,224,50,1.4205219745635986,1.3585758209228516,1.2758729457855225,studentportuguese (30),9
5,0,"{39, 42, 44, 13, 28}","{39: 1, 42: 1, 44: 1, 13: 1, 28: 1}",220.0,"{39, 42, 44, 13, 28}","{39: 1, 42: 1, 44: 1, 13: 1, 28: 1}",220.0,220.0,[],0,"{39, 42, 44, 13, 28}","{39: 1, 42: 1, 44: 1, 13: 1, 28: 1}",220.0,220.0,[],0,8.5,224,50,1.3121731281280518,1.2572999000549316,1.2331719398498535,studentportuguese (30),9
1,4,{44},{44: 1},220.10950854700855,{44},{44: 1},220.10950854700855,223.33173076923077,"[131, 208, 140, 79]",4,{44},{44: 1},218.83173076923077,222.83173076923077,"[131, 208, 140, 169]",4,9.0,224,50,0.2856259346008301,0.2895212173461914,0.2805061340332031,studentportuguese (30),10
1,3,{44},{44: 1},220.10950854700855,{44},{44: 1},220.10950854700855,222.83173076923077,"[131, 208, 140]",3,{44},{44: 1},219.83173076923077,222.83173076923077,"[131, 208, 140]",3,9.0,224,50,0.2852158546447754,0.28130102157592773,0.2751021385192871,studentportuguese (30),10
1,2,{44},{44: 1},220.10950854700855,{44},{44: 1},220.10950854700855,222.10950854700855,"[131, 208]",2,{44},{44: 1},220.10950854700855,222.10950854700855,"[131, 208]",2,9.0,224,50,0.26529598236083984,0.2737767696380615,0.28672003746032715,studentportuguese (30),10
1,1,{44},{44: 1},220.10950854700855,{44},{44: 1},220.10950854700855,221.10950854700855,[131],1,{44},{44: 1},220.10950854700855,221.10950854700855,[131],1,9.0,224,50,0.2767479419708252,0.28627610206604004,0.3205709457397461,studentportuguese (30),10
1,0,{44},{44: 1},220.10950854700855,{44},{44: 1},220.10950854700855,220.10950854700855,[],0,{44},{44: 1},220.10950854700855,220.10950854700855,[],0,9.0,224,50,0.30232691764831543,0.29471325874328613,0.30465102195739746,studentportuguese (30),10
2,4,"{42, 44}","{42: 1, 44: 1}",221.5,"{42, 44}","{42: 1, 44: 1}",221.5,224.0,"[131, 208, 79]",3,"{18, 44}","{18: 1, 44: 1}",220.0,224.0,"[131, 208, 140, 169]",4,9.0,224,50,0.5206630229949951,0.5210387706756592,0.5349891185760498,studentportuguese (30),10
2,3,"{42, 44}","{42: 1, 44: 1}",221.5,"{42, 44}","{42: 1, 44: 1}",221.5,224.0,"[131, 208, 79]",3,"{18, 44}","{18: 1, 44: 1}",221.0,224.0,"[131, 208, 140]",3,9.0,224,50,0.5539839267730713,0.5989282131195068,0.6125640869140625,studentportuguese (30),10
2,2,"{42, 44}","{42: 1, 44: 1}",221.5,"{42, 44}","{42: 1, 44: 1}",221.5,223.5,"[131, 208]",2,"{42, 44}","{42: 1, 44: 1}",221.5,223.5,"[131, 208]",2,9.0,224,50,0.5422987937927246,0.5871648788452148,0.5452871322631836,studentportuguese (30),10
2,1,"{42, 44}","{42: 1, 44: 1}",221.5,"{42, 44}","{42: 1, 44: 1}",221.5,222.5,[131],1,"{42, 44}","{42: 1, 44: 1}",221.5,222.5,[131],1,9.0,224,50,0.5994811058044434,0.6481719017028809,0.5883228778839111,studentportuguese (30),10
2,0,"{42, 44}","{42: 1, 44: 1}",221.5,"{42, 44}","{42: 1, 44: 1}",221.5,221.5,[],0,"{42, 44}","{42: 1, 44: 1}",221.5,221.5,[],0,9.0,224,50,0.5531430244445801,0.6011600494384766,0.5107388496398926,studentportuguese (30),10
3,4,"{42, 44, 14}","{42: 1, 44: 1, 14: 1}",222.0,"{42, 44, 14}","{42: 1, 44: 1, 14: 1}",222.0,224.0,"[131, 208]",2,"{18, 44}","{18: 1, 44: 1}",220.0,224.0,"[131, 208, 140, 169]",4,9.0,224,50,0.7993171215057373,0.8247396945953369,0.8650650978088379,studentportuguese (30),10
3,3,"{42, 44, 14}","{42: 1, 44: 1, 14: 1}",222.0,"{42, 44, 14}","{42: 1, 44: 1, 14: 1}",222.0,224.0,"[131, 208]",2,"{18, 44}","{18: 1, 44: 1}",221.0,224.0,"[131, 208, 140]",3,9.0,224,50,0.8313257694244385,0.8557040691375732,0.9872708320617676,studentportuguese (30),10
3,2,"{42, 44, 14}","{42: 1, 44: 1, 14: 1}",222.0,"{42, 44, 14}","{42: 1, 44: 1, 14: 1}",222.0,224.0,"[131, 208]",2,"{42, 44, 14}","{42: 1, 44: 1, 14: 1}",222.0,224.0,"[131, 208]",2,9.0,224,50,0.9141290187835693,0.7753829956054688,0.8372962474822998,studentportuguese (30),10
3,1,"{42, 44, 14}","{42: 1, 44: 1, 14: 1}",222.0,"{42, 44, 14}","{42: 1, 44: 1, 14: 1}",222.0,223.0,[131],1,"{42, 44, 14}","{42: 1, 44: 1, 14: 1}",222.0,223.0,[131],1,9.0,224,50,0.7882518768310547,0.8487749099731445,0.8037292957305908,studentportuguese (30),10
3,0,"{42, 44, 14}","{42: 1, 44: 1, 14: 1}",222.0,"{42, 44, 14}","{42: 1, 44: 1, 14: 1}",222.0,222.0,[],0,"{42, 44, 14}","{42: 1, 44: 1, 14: 1}",222.0,222.0,[],0,9.0,224,50,0.7775039672851562,0.7655608654022217,0.7647039890289307,studentportuguese (30),10
4,4,"{42, 44, 14}","{42: 1, 44: 1, 14: 1}",222.0,"{42, 44, 14}","{42: 1, 44: 1, 14: 1}",222.0,224.0,"[131, 208]",2,"{18, 44}","{18: 1, 44: 1}",220.0,224.0,"[131, 208, 140, 169]",4,9.0,224,50,1.0059168338775635,1.0918102264404297,0.8165297508239746,studentportuguese (30),10
4,3,"{42, 44, 14}","{42: 1, 44: 1, 14: 1}",222.0,"{42, 44, 14}","{42: 1, 44: 1, 14: 1}",222.0,224.0,"[131, 208]",2,"{18, 44}","{18: 1, 44: 1}",221.0,224.0,"[131, 208, 140]",3,9.0,224,50,1.165173053741455,1.083069086074829,0.7956950664520264,studentportuguese (30),10
4,2,"{42, 44, 14}","{42: 1, 44: 1, 14: 1}",222.0,"{42, 44, 14}","{42: 1, 44: 1, 14: 1}",222.0,224.0,"[131, 208]",2,"{42, 44, 14}","{42: 1, 44: 1, 14: 1}",222.0,224.0,"[131, 208]",2,9.0,224,50,1.0731821060180664,1.0543186664581299,0.9829621315002441,studentportuguese (30),10
4,1,"{42, 44, 14}","{42: 1, 44: 1, 14: 1}",222.0,"{42, 44, 14}","{42: 1, 44: 1, 14: 1}",222.0,223.0,[131],1,"{42, 44, 14}","{42: 1, 44: 1, 14: 1}",222.0,223.0,[131],1,9.0,224,50,1.0167958736419678,0.9965918064117432,1.0134992599487305,studentportuguese (30),10
4,0,"{42, 44, 14}","{42: 1, 44: 1, 14: 1}",222.0,"{42, 44, 14}","{42: 1, 44: 1, 14: 1}",222.0,222.0,[],0,"{42, 44, 14}","{42: 1, 44: 1, 14: 1}",222.0,222.0,[],0,9.0,224,50,0.9802579879760742,1.018998146057129,1.0419859886169434,studentportuguese (30),10
5,4,"{42, 44, 14}","{42: 1, 44: 1, 14: 1}",222.0,"{42, 44, 14}","{42: 1, 44: 1, 14: 1}",222.0,224.0,"[131, 208]",2,"{18, 44}","{18: 1, 44: 1}",220.0,224.0,"[131, 208, 140, 169]",4,9.0,224,50,0.9984440803527832,1.1086320877075195,0.7952699661254883,studentportuguese (30),10
5,3,"{42, 44, 14}","{42: 1, 44: 1, 14: 1}",222.0,"{42, 44, 14}","{42: 1, 44: 1, 14: 1}",222.0,224.0,"[131, 208]",2,"{18, 44}","{18: 1, 44: 1}",221.0,224.0,"[131, 208, 140]",3,9.0,224,50,1.052342176437378,1.1070148944854736,0.8534970283508301,studentportuguese (30),10
5,2,"{42, 44, 14}","{42: 1, 44: 1, 14: 1}",222.0,"{42, 44, 14}","{42: 1, 44: 1, 14: 1}",222.0,224.0,"[131, 208]",2,"{42, 44, 14}","{42: 1, 44: 1, 14: 1}",222.0,224.0,"[131, 208]",2,9.0,224,50,1.1178669929504395,1.1053061485290527,1.239670753479004,studentportuguese (30),10
5,1,"{42, 44, 14}","{42: 1, 44: 1, 14: 1}",222.0,"{42, 44, 14}","{42: 1, 44: 1, 14: 1}",222.0,223.0,[131],1,"{42, 44, 14}","{42: 1, 44: 1, 14: 1}",222.0,223.0,[131],1,9.0,224,50,1.3274650573730469,1.538804054260254,1.3795669078826904,studentportuguese (30),10
5,0,"{42, 44, 14}","{42: 1, 44: 1, 14: 1}",222.0,"{42, 44, 14}","{42: 1, 44: 1, 14: 1}",222.0,222.0,[],0,"{42, 44, 14}","{42: 1, 44: 1, 14: 1}",222.0,222.0,[],0,9.0,224,50,1.2755489349365234,1.2555310726165771,1.293686866760254,studentportuguese (30),10
1,4,{44},{44: 1},222.76724137931035,{44},{44: 1},222.76724137931035,224.0,"[208, 77]",2,{47},{47: 1},219.57142857142856,223.57142857142856,"[208, 131, 182, 176]",4,9.5,224,50,0.4104290008544922,0.40405702590942383,0.35936427116394043,studentportuguese (30),11
1,3,{44},{44: 1},222.76724137931035,{44},{44: 1},222.76724137931035,224.0,"[208, 77]",2,{47},{47: 1},220.57142857142856,223.57142857142856,"[208, 131, 182]",3,9.5,224,50,0.3786020278930664,0.3611598014831543,0.3728020191192627,studentportuguese (30),11
1,2,{44},{44: 1},222.76724137931035,{44},{44: 1},222.76724137931035,224.0,"[208, 77]",2,{47},{47: 1},221.57142857142856,223.57142857142856,"[208, 131]",2,9.5,224,50,0.3796672821044922,0.3878319263458252,0.3992650508880615,studentportuguese (30),11
1,1,{44},{44: 1},222.76724137931035,{44},{44: 1},222.76724137931035,223.51724137931035,[208],1,{44},{44: 1},222.51724137931035,223.51724137931035,[208],1,9.5,224,50,0.3614358901977539,0.37996602058410645,0.3787729740142822,studentportuguese (30),11
1,0,{44},{44: 1},222.76724137931035,{44},{44: 1},222.76724137931035,222.76724137931035,[],0,{44},{44: 1},222.76724137931035,222.76724137931035,[],0,9.5,224,50,0.369920015335083,0.3827798366546631,0.38008904457092285,studentportuguese (30),11
2,4,"{44, 13}","{44: 1, 13: 1}",223.51724137931035,"{44, 13}","{44: 1, 13: 1}",223.51724137931035,224.0,[77],1,"{6, 47}","{6: 1, 47: 1}",220.0,224.0,"[208, 131, 182, 176]",4,9.5,224,50,0.763901948928833,0.7419750690460205,0.7224729061126709,studentportuguese (30),11
2,3,"{44, 13}","{44: 1, 13: 1}",223.51724137931035,"{44, 13}","{44: 1, 13: 1}",223.51724137931035,224.0,[77],1,"{6, 47}","{6: 1, 47: 1}",221.0,224.0,"[208, 131, 182]",3,9.5,224,50,0.7461731433868408,0.7772960662841797,0.7646219730377197,studentportuguese (30),11
2,2,"{44, 13}","{44: 1, 13: 1}",223.51724137931035,"{44, 13}","{44: 1, 13: 1}",223.51724137931035,224.0,[77],1,"{6, 47}","{6: 1, 47: 1}",222.0,224.0,"[208, 131]",2,9.5,224,50,0.82291579246521,0.8052992820739746,0.847639799118042,studentportuguese (30),11
2,1,"{44, 13}","{44: 1, 13: 1}",223.51724137931035,"{44, 13}","{44: 1, 13: 1}",223.51724137931035,224.0,[77],1,"{0, 44}","{0: 1, 44: 1}",223.0,224.0,[208],1,9.5,224,50,0.8618078231811523,0.8170409202575684,0.8057219982147217,studentportuguese (30),11
2,0,"{44, 13}","{44: 1, 13: 1}",223.51724137931035,"{44, 13}","{44: 1, 13: 1}",223.51724137931035,223.51724137931035,[],0,"{44, 13}","{44: 1, 13: 1}",223.51724137931035,223.51724137931035,[],0,9.5,224,50,0.8383579254150391,0.8678581714630127,0.8504738807678223,studentportuguese (30),11
3,4,"{0, 44, 13}","{0: 1, 44: 1, 13: 1}",224.0,"{0, 44, 13}","{0: 1, 44: 1, 13: 1}",224.0,224.0,[],0,"{6, 47}","{6: 1, 47: 1}",220.0,224.0,"[208, 131, 182, 176]",4,9.5,224,50,1.2779090404510498,1.2009198665618896,1.1499650478363037,studentportuguese (30),11
3,3,"{0, 44, 13}","{0: 1, 44: 1, 13: 1}",224.0,"{0, 44, 13}","{0: 1, 44: 1, 13: 1}",224.0,224.0,[],0,"{6, 47}","{6: 1, 47: 1}",221.0,224.0,"[208, 131, 182]",3,9.5,224,50,1.1320562362670898,1.0731399059295654,1.0852491855621338,studentportuguese (30),11
3,2,"{0, 44, 13}","{0: 1, 44: 1, 13: 1}",224.0,"{0, 44, 13}","{0: 1, 44: 1, 13: 1}",224.0,224.0,[],0,"{6, 47}","{6: 1, 47: 1}",222.0,224.0,"[208, 131]",2,9.5,224,50,1.0037899017333984,0.9753341674804688,0.966127872467041,studentportuguese (30),11
3,1,"{0, 44, 13}","{0: 1, 44: 1, 13: 1}",224.0,"{0, 44, 13}","{0: 1, 44: 1, 13: 1}",224.0,224.0,[],0,"{0, 44}","{0: 1, 44: 1}",223.0,224.0,[208],1,9.5,224,50,1.0001590251922607,1.0087759494781494,1.045078992843628,studentportuguese (30),11
3,0,"{0, 44, 13}","{0: 1, 44: 1, 13: 1}",224.0,"{0, 44, 13}","{0: 1, 44: 1, 13: 1}",224.0,224.0,[],0,"{0, 44, 13}","{0: 1, 44: 1, 13: 1}",224.0,224.0,[],0,9.5,224,50,1.0119171142578125,1.0070888996124268,1.0368731021881104,studentportuguese (30),11
4,4,"{0, 44, 13}","{0: 1, 44: 1, 13: 1}",224.0,"{0, 44, 13}","{0: 1, 44: 1, 13: 1}",224.0,224.0,[],0,"{6, 47}","{6: 1, 47: 1}",220.0,224.0,"[208, 131, 182, 176]",4,9.5,224,50,1.3674509525299072,1.1780037879943848,0.8263349533081055,studentportuguese (30),11
4,3,"{0, 44, 13}","{0: 1, 44: 1, 13: 1}",224.0,"{0, 44, 13}","{0: 1, 44: 1, 13: 1}",224.0,224.0,[],0,"{6, 47}","{6: 1, 47: 1}",221.0,224.0,"[208, 131, 182]",3,9.5,224,50,1.1061241626739502,1.1107661724090576,0.8439919948577881,studentportuguese (30),11
4,2,"{0, 44, 13}","{0: 1, 44: 1, 13: 1}",224.0,"{0, 44, 13}","{0: 1, 44: 1, 13: 1}",224.0,224.0,[],0,"{6, 47}","{6: 1, 47: 1}",222.0,224.0,"[208, 131]",2,9.5,224,50,1.2058708667755127,1.4493670463562012,0.9892632961273193,studentportuguese (30),11
4,1,"{0, 44, 13}","{0: 1, 44: 1, 13: 1}",224.0,"{0, 44, 13}","{0: 1, 44: 1, 13: 1}",224.0,224.0,[],0,"{0, 44}","{0: 1, 44: 1}",223.0,224.0,[208],1,9.5,224,50,1.2331411838531494,1.2198591232299805,0.9574301242828369,studentportuguese (30),11
4,0,"{0, 44, 13}","{0: 1, 44: 1, 13: 1}",224.0,"{0, 44, 13}","{0: 1, 44: 1, 13: 1}",224.0,224.0,[],0,"{0, 44, 13}","{0: 1, 44: 1, 13: 1}",224.0,224.0,[],0,9.5,224,50,1.23478102684021,1.1061639785766602,1.0548908710479736,studentportuguese (30),11
5,4,"{0, 44, 13}","{0: 1, 44: 1, 13: 1}",224.0,"{0, 44, 13}","{0: 1, 44: 1, 13: 1}",224.0,224.0,[],0,"{6, 47}","{6: 1, 47: 1}",220.0,224.0,"[208, 131, 182, 176]",4,9.5,224,50,1.0171480178833008,1.0179710388183594,0.8086800575256348,studentportuguese (30),11
5,3,"{0, 44, 13}","{0: 1, 44: 1, 13: 1}",224.0,"{0, 44, 13}","{0: 1, 44: 1, 13: 1}",224.0,224.0,[],0,"{6, 47}","{6: 1, 47: 1}",221.0,224.0,"[208, 131, 182]",3,9.5,224,50,0.9997599124908447,0.9879250526428223,0.756295919418335,studentportuguese (30),11
5,2,"{0, 44, 13}","{0: 1, 44: 1, 13: 1}",224.0,"{0, 44, 13}","{0: 1, 44: 1, 13: 1}",224.0,224.0,[],0,"{6, 47}","{6: 1, 47: 1}",222.0,224.0,"[208, 131]",2,9.5,224,50,1.03932785987854,1.0713608264923096,0.852471113204956,studentportuguese (30),11
5,1,"{0, 44, 13}","{0: 1, 44: 1, 13: 1}",224.0,"{0, 44, 13}","{0: 1, 44: 1, 13: 1}",224.0,224.0,[],0,"{0, 44}","{0: 1, 44: 1}",223.0,224.0,[208],1,9.5,224,50,1.076843023300171,1.151125192642212,0.9844648838043213,studentportuguese (30),11
5,0,"{0, 44, 13}","{0: 1, 44: 1, 13: 1}",224.0,"{0, 44, 13}","{0: 1, 44: 1, 13: 1}",224.0,224.0,[],0,"{0, 44, 13}","{0: 1, 44: 1, 13: 1}",224.0,224.0,[],0,9.5,224,50,1.284228801727295,1.2470269203186035,1.1597559452056885,studentportuguese (30),11
1,4,{44},{44: 1},224.0,{44},{44: 1},224.0,224.0,[],0,{12},{12: 1},220.0,224.0,"[208, 131, 67, 86]",4,10.0,224,50,0.3120877742767334,0.30520200729370117,0.314821720123291,studentportuguese (30),12
1,3,{44},{44: 1},224.0,{44},{44: 1},224.0,224.0,[],0,{12},{12: 1},221.0,224.0,"[208, 131, 67]",3,10.0,224,50,0.310819149017334,0.3034958839416504,0.2986268997192383,studentportuguese (30),12
1,2,{44},{44: 1},224.0,{44},{44: 1},224.0,224.0,[],0,{12},{12: 1},222.0,224.0,"[208, 131]",2,10.0,224,50,0.31478118896484375,0.32774925231933594,0.3465418815612793,studentportuguese (30),12
1,1,{44},{44: 1},224.0,{44},{44: 1},224.0,224.0,[],0,{12},{12: 1},223.0,224.0,[208],1,10.0,224,50,0.2917819023132324,0.31329989433288574,0.3160221576690674,studentportuguese (30),12
1,0,{44},{44: 1},224.0,{44},{44: 1},224.0,224.0,[],0,{44},{44: 1},224.0,224.0,[],0,10.0,224,50,0.2955608367919922,0.31759095191955566,0.3042631149291992,studentportuguese (30),12
2,4,{44},{44: 1},224.0,{44},{44: 1},224.0,224.0,[],0,{12},{12: 1},220.0,224.0,"[208, 131, 67, 86]",4,10.0,224,50,0.5998530387878418,0.6147041320800781,0.5825169086456299,studentportuguese (30),12
2,3,{44},{44: 1},224.0,{44},{44: 1},224.0,224.0,[],0,{12},{12: 1},221.0,224.0,"[208, 131, 67]",3,10.0,224,50,0.5949251651763916,0.5966451168060303,0.5941810607910156,studentportuguese (30),12
2,2,{44},{44: 1},224.0,{44},{44: 1},224.0,224.0,[],0,{12},{12: 1},222.0,224.0,"[208, 131]",2,10.0,224,50,0.6326918601989746,0.6292181015014648,0.6504590511322021,studentportuguese (30),12
2,1,{44},{44: 1},224.0,{44},{44: 1},224.0,224.0,[],0,{12},{12: 1},223.0,224.0,[208],1,10.0,224,50,0.6423969268798828,0.6629118919372559,0.6227889060974121,studentportuguese (30),12
2,0,{44},{44: 1},224.0,{44},{44: 1},224.0,224.0,[],0,{44},{44: 1},224.0,224.0,[],0,10.0,224,50,0.6771528720855713,0.7515819072723389,0.7170538902282715,studentportuguese (30),12
3,4,{44},{44: 1},224.0,{44},{44: 1},224.0,224.0,[],0,{12},{12: 1},220.0,224.0,"[208, 131, 67, 86]",4,10.0,224,50,0.7304708957672119,0.8178019523620605,0.8344480991363525,studentportuguese (30),12
3,3,{44},{44: 1},224.0,{44},{44: 1},224.0,224.0,[],0,{12},{12: 1},221.0,224.0,"[208, 131, 67]",3,10.0,224,50,0.7111241817474365,0.8238239288330078,0.7228238582611084,studentportuguese (30),12
3,2,{44},{44: 1},224.0,{44},{44: 1},224.0,224.0,[],0,{12},{12: 1},222.0,224.0,"[208, 131]",2,10.0,224,50,0.6983931064605713,0.6984620094299316,0.6505930423736572,studentportuguese (30),12
3,1,{44},{44: 1},224.0,{44},{44: 1},224.0,224.0,[],0,{12},{12: 1},223.0,224.0,[208],1,10.0,224,50,0.7924017906188965,0.6938121318817139,0.6891331672668457,studentportuguese (30),12
3,0,{44},{44: 1},224.0,{44},{44: 1},224.0,224.0,[],0,{44},{44: 1},224.0,224.0,[],0,10.0,224,50,0.6868312358856201,0.8615829944610596,0.6663048267364502,studentportuguese (30),12
4,4,{44},{44: 1},224.0,{44},{44: 1},224.0,224.0,[],0,{12},{12: 1},220.0,224.0,"[208, 131, 67, 86]",4,10.0,224,50,0.6648590564727783,0.6800980567932129,0.6995267868041992,studentportuguese (30),12
4,3,{44},{44: 1},224.0,{44},{44: 1},224.0,224.0,[],0,{12},{12: 1},221.0,224.0,"[208, 131, 67]",3,10.0,224,50,0.7096257209777832,0.6540789604187012,0.649848222732544,studentportuguese (30),12
4,2,{44},{44: 1},224.0,{44},{44: 1},224.0,224.0,[],0,{12},{12: 1},222.0,224.0,"[208, 131]",2,10.0,224,50,0.6746387481689453,0.7023651599884033,0.7006659507751465,studentportuguese (30),12
4,1,{44},{44: 1},224.0,{44},{44: 1},224.0,224.0,[],0,{12},{12: 1},223.0,224.0,[208],1,10.0,224,50,0.6402020454406738,0.6730098724365234,0.6787130832672119,studentportuguese (30),12
4,0,{44},{44: 1},224.0,{44},{44: 1},224.0,224.0,[],0,{44},{44: 1},224.0,224.0,[],0,10.0,224,50,0.6838889122009277,0.7267820835113525,0.702146053314209,studentportuguese (30),12
5,4,{44},{44: 1},224.0,{44},{44: 1},224.0,224.0,[],0,{12},{12: 1},220.0,224.0,"[208, 131, 67, 86]",4,10.0,224,50,0.6779439449310303,0.7159709930419922,0.6327166557312012,studentportuguese (30),12
5,3,{44},{44: 1},224.0,{44},{44: 1},224.0,224.0,[],0,{12},{12: 1},221.0,224.0,"[208, 131, 67]",3,10.0,224,50,0.6699721813201904,0.6426219940185547,0.639808177947998,studentportuguese (30),12
5,2,{44},{44: 1},224.0,{44},{44: 1},224.0,224.0,[],0,{12},{12: 1},222.0,224.0,"[208, 131]",2,10.0,224,50,0.6365911960601807,0.6708478927612305,0.6678569316864014,studentportuguese (30),12
5,1,{44},{44: 1},224.0,{44},{44: 1},224.0,224.0,[],0,{12},{12: 1},223.0,224.0,[208],1,10.0,224,50,0.6779961585998535,0.6818060874938965,0.7259519100189209,studentportuguese (30),12
5,0,{44},{44: 1},224.0,{44},{44: 1},224.0,224.0,[],0,{44},{44: 1},224.0,224.0,[],0,10.0,224,50,0.723315954208374,0.6846678256988525,0.7508749961853027,studentportuguese (30),12
